gene,baseMean,log2FoldChange,lfcSE,stat,pvalue,padj,symbol
ENSMUSG00000026674,201.82,1.48,0.21,7.03, 2.0e-12, 1.5e-11,Ddr2
ENSMUSG00000040505,1356.13,-1.01,0.14,-7.14, 9.7e-13, 7.4e-12,Abcg5
ENSMUSG00000031788,1220.62,1.07,0.11,9.41, 5.0e-21, 7.4e-20,Kifc3
ENSMUSG00000045211,552.84,1.5,0.14,10.87, 1.5e-27, 3.8e-26,Nudt18
ENSMUSG00000026596,325.76,1.2,0.24,5.04, 4.7e-07, 1.9e-06,Abl2
ENSMUSG00000038608,149.64,1.86,0.22,8.54, 1.3e-17, 1.5e-16,Dock10
ENSMUSG00000005580,272.32,-1.14,0.32,-3.56, 3.6e-04, 9.5e-04,Adcy9
ENSMUSG00000031150,177.57,3.75,0.18,21.32,7.7e-101, 1.2e-97,Ccdc120
ENSMUSG00000001507,408.28,1.63,0.13,12.89, 5.0e-38, 2.3e-36,Itga3
ENSMUSG00000005373,5691.73,-1.4,0.18,-7.74, 1.0e-14, 9.0e-14,Mlxipl
ENSMUSG00000054364,1466.45,1.23,0.14,8.9, 5.5e-19, 7.0e-18,Rhob
ENSMUSG00000034634,1127.35,5.97,0.45,13.29, 2.8e-40, 1.4e-38,Ly6d
ENSMUSG00000006398,142.48,1.66,0.37,4.44, 8.8e-06, 2.9e-05,Cdc20
ENSMUSG00000026542,2341.59,1.44,0.31,4.66, 3.1e-06, 1.1e-05,Apcs
ENSMUSG00000071856,520.01,-1.2,0.15,-7.75, 9.2e-15, 8.3e-14,Mcc
ENSMUSG00000026866,3318.69,-1.34,0.15,-9.09, 9.9e-20, 1.3e-18,Kynu
ENSMUSG00000021135,10129.21,-2.07,0.2,-10.15, 3.4e-24, 6.5e-23,Slc10a1
ENSMUSG00000049804,161.78,3.57,0.21,16.74, 6.2e-63, 1.2e-60,Armcx4
ENSMUSG00000037622,2676.96,-1.41,0.1,-13.68, 1.3e-42, 8.2e-41,Wdtc1
ENSMUSG00000024851,263.23,1.03,0.14,7.58, 3.4e-14, 3.0e-13,Pitpnm1
ENSMUSG00000073489,213.61,1.03,0.14,7.51, 6.0e-14, 5.1e-13,Ifi204
ENSMUSG00000063146,212.77,2.38,0.17,13.97, 2.3e-44, 1.6e-42,Clip2
ENSMUSG00000030087,3071.37,-1.39,0.17,-7.99, 1.3e-15, 1.3e-14,Klf15
ENSMUSG00000022048,151.39,1.13,0.2,5.61, 2.1e-08, 9.8e-08,Dpysl2
ENSMUSG00000040583,112.7,2.4,0.43,5.63, 1.8e-08, 8.7e-08,Cyp2b13
ENSMUSG00000022754,113.77,4.34,0.3,14.43, 3.2e-47, 2.6e-45,Tmem45a
ENSMUSG00000074254,11058.48,2.09,0.41,5.09, 3.6e-07, 1.5e-06,Cyp2a4
ENSMUSG00000059895,337.61,1.34,0.2,6.82, 9.3e-12, 6.5e-11,Ptp4a3
ENSMUSG00000026692,148.52,1.05,0.21,5.04, 4.7e-07, 1.9e-06,Fmo4
ENSMUSG00000029675,673.71,3.31,0.27,12.43, 1.9e-35, 7.5e-34,Eln
ENSMUSG00000050953,113.56,1.96,0.24,8.28, 1.3e-16, 1.3e-15,Gja1
ENSMUSG00000037780,3729.01,-1.1,0.17,-6.55, 5.9e-11, 3.8e-10,Mbl1
ENSMUSG00000026600,102.09,1.81,0.16,11.1, 1.3e-28, 3.4e-27,Soat1
ENSMUSG00000025856,254.98,1.16,0.16,7.4, 1.4e-13, 1.1e-12,Pdgfa
ENSMUSG00000003355,559.69,1.96,0.37,5.36, 8.4e-08, 3.7e-07,Fkbp11
ENSMUSG00000027006,829.28,1.16,0.13,8.63, 6.1e-18, 7.2e-17,Dnajc10
ENSMUSG00000031549,1509.57,-1.43,0.19,-7.67, 1.7e-14, 1.5e-13,Ido2
ENSMUSG00000035273,147.76,1.35,0.2,6.84, 7.8e-12, 5.4e-11,Hpse
ENSMUSG00000031825,157.48,2.04,0.24,8.46, 2.7e-17, 3.0e-16,Crispld2
ENSMUSG00000026956,474.74,2.77,0.21,12.96, 2.2e-38, 1.0e-36,Uap1l1
ENSMUSG00000030378,7606.61,-4.07,0.25,-16.52, 2.4e-61, 4.2e-59,Sult2a8
ENSMUSG00000043760,353.16,1.42,0.21,6.66, 2.7e-11, 1.8e-10,Pkhd1
ENSMUSG00000023800,235.55,-2.24,0.26,-8.75, 2.1e-18, 2.6e-17,Tiam2
ENSMUSG00000063919,167.28,1.34,0.24,5.61, 2.0e-08, 9.6e-08,Srrm4
ENSMUSG00000034457,146.18,5.04,0.46,11.01, 3.4e-28, 8.6e-27,Eda2r
ENSMUSG00000026177,179.66,1.37,0.16,8.45, 2.9e-17, 3.3e-16,Slc11a1
ENSMUSG00000031328,1429.4,1.55,0.19,8.26, 1.4e-16, 1.5e-15,Flna
ENSMUSG00000034116,124.77,1.59,0.17,9.59, 8.7e-22, 1.4e-20,Vav1
ENSMUSG00000047767,364.26,-1.13,0.19,-5.98, 2.2e-09, 1.2e-08,Atg16l2
ENSMUSG00000019929,4996.1,1.02,0.21,4.9, 9.4e-07, 3.6e-06,Dcn
ENSMUSG00000021573,166.54,-1.32,0.19,-6.86, 6.8e-12, 4.8e-11,Tppp
ENSMUSG00000025268,260.89,1.44,0.11,13.25, 4.3e-40, 2.2e-38,Maged2
ENSMUSG00000025964,363.34,1.03,0.17,6.03, 1.6e-09, 8.6e-09,Adam23
ENSMUSG00000020142,281.63,2.45,0.2,12.3, 9.1e-35, 3.5e-33,Slc1a4
ENSMUSG00000027408,159.66,3.34,0.23,14.35, 1.1e-46, 8.7e-45,Cpxm1
ENSMUSG00000022206,113.28,1.76,0.19,9.44, 3.8e-21, 5.6e-20,Npr3
ENSMUSG00000048489,1581.3,-2.52,0.39,-6.47, 9.8e-11, 6.1e-10,Depp1
ENSMUSG00000022723,211.4,-1.33,0.13,-9.91, 3.7e-23, 6.7e-22,Crybg3
ENSMUSG00000022041,121.81,-1.38,0.2,-6.9, 5.3e-12, 3.7e-11,Chrna2
ENSMUSG00000031147,299.07,-1.08,0.17,-6.23, 4.7e-10, 2.7e-09,Magix
ENSMUSG00000006585,131.87,1.51,0.23,6.65, 3.0e-11, 1.9e-10,Cdt1
ENSMUSG00000025044,274.6,1.23,0.14,8.65, 5.2e-18, 6.1e-17,Msr1
ENSMUSG00000027378,101.89,1.5,0.13,11.88, 1.5e-32, 5.3e-31,Nphp1
ENSMUSG00000039985,96.85,1.45,0.19,7.44, 1.0e-13, 8.4e-13,Sinhcaf
ENSMUSG00000025790,200.69,1.13,0.13,8.43, 3.4e-17, 3.8e-16,Slco3a1
ENSMUSG00000043391,296.57,1.14,0.14,8.42, 3.6e-17, 4.0e-16,2510009E07Rik
ENSMUSG00000052974,27379.38,-1.02,0.17,-6.07, 1.3e-09, 7.2e-09,Cyp2f2
ENSMUSG00000054932,271.31,4.42,0.49,9.1, 9.2e-20, 1.2e-18,Afp
ENSMUSG00000038704,1966.15,-1.39,0.24,-5.81, 6.2e-09, 3.1e-08,Aspdh
ENSMUSG00000035828,1779.12,-1.11,0.23,-4.84, 1.3e-06, 4.8e-06,Pim3
ENSMUSG00000040938,298.88,-1.11,0.21,-5.34, 9.3e-08, 4.1e-07,Slc16a11
ENSMUSG00000051225,164.88,4.55,0.24,18.66, 1.0e-77, 3.9e-75,Fam83a
ENSMUSG00000064080,122.74,1.82,0.17,10.55, 4.9e-26, 1.1e-24,Fbln2
ENSMUSG00000024659,204.83,1.95,0.18,10.99, 4.4e-28, 1.1e-26,Anxa1
ENSMUSG00000035547,110.76,1.38,0.18,7.67, 1.7e-14, 1.5e-13,Capn5
ENSMUSG00000036206,105.88,1.1,0.16,6.7, 2.1e-11, 1.4e-10,Sh3bp4
ENSMUSG00000020241,461.31,1.89,0.21,9.11, 8.0e-20, 1.1e-18,Col6a2
ENSMUSG00000028051,606.41,-1.71,0.28,-6.12, 9.3e-10, 5.1e-09,Hcn3
ENSMUSG00000055320,429.64,1.09,0.16,6.98, 3.0e-12, 2.2e-11,Tead1
ENSMUSG00000038121,1549.78,-1.35,0.15,-8.96, 3.1e-19, 4.0e-18,Fam210a
ENSMUSG00000042988,893.98,-1.11,0.14,-7.83, 4.9e-15, 4.5e-14,Notum
ENSMUSG00000036110,3940.79,-2.04,0.13,-16.11, 2.1e-58, 3.2e-56,Slc17a2
ENSMUSG00000076431,317.7,3.31,0.21,15.97, 2.2e-57, 3.2e-55,Sox4
ENSMUSG00000028763,980.24,1.13,0.15,7.35, 2.0e-13, 1.6e-12,Hspg2
ENSMUSG00000023044,9190.51,-1.35,0.23,-5.83, 5.6e-09, 2.8e-08,Csad
ENSMUSG00000079057,7825.44,-1.29,0.12,-10.29, 7.5e-25, 1.5e-23,Cyp4v3
ENSMUSG00000036943,165.93,1.79,0.15,11.8, 3.8e-32, 1.3e-30,Rab8b
ENSMUSG00000024742,159.53,1.17,0.21,5.63, 1.8e-08, 8.7e-08,Fen1
ENSMUSG00000029816,403.28,7.14,0.37,19.23, 2.0e-82, 1.1e-79,Gpnmb
ENSMUSG00000032135,181.85,1.2,0.15,7.9, 2.8e-15, 2.6e-14,Mcam
ENSMUSG00000026614,783.14,-1.53,0.2,-7.77, 7.6e-15, 6.9e-14,Slc30a10
ENSMUSG00000045680,317.69,1.55,0.23,6.8, 1.0e-11, 7.0e-11,Tcf21
ENSMUSG00000028864,170.03,1.91,0.36,5.25, 1.5e-07, 6.4e-07,Hgf
ENSMUSG00000042216,106.41,1.19,0.18,6.77, 1.3e-11, 9.0e-11,Sgsm1
ENSMUSG00000037580,3195.23,-1.16,0.13,-9.25, 2.3e-20, 3.2e-19,Gch1
ENSMUSG00000029304,7203,3.49,0.22,15.88, 9.0e-57, 1.2e-54,Spp1
ENSMUSG00000024921,2182.98,-1.05,0.11,-9.7, 3.1e-22, 5.1e-21,Smarca2
ENSMUSG00000068220,1164.98,2.25,0.16,13.83, 1.8e-43, 1.2e-41,Lgals1
ENSMUSG00000021069,10532.46,-1.3,0.11,-11.64, 2.5e-31, 8.0e-30,Pygl
ENSMUSG00000006360,168.85,1.58,0.29,5.5, 3.7e-08, 1.7e-07,Crip1
ENSMUSG00000029552,92.87,2.34,0.28,8.36, 6.1e-17, 6.6e-16,Tes
ENSMUSG00000060002,3300.22,-1.1,0.11,-9.94, 2.7e-23, 4.9e-22,Chpt1
ENSMUSG00000059555,200.53,1.12,0.1,10.87, 1.6e-27, 3.8e-26,Tor4a
ENSMUSG00000030772,280.79,2.53,0.18,13.96, 2.6e-44, 1.8e-42,Dkk3
ENSMUSG00000025937,4042.15,-1.07,0.18,-6.11, 9.9e-10, 5.5e-09,Lactb2
ENSMUSG00000030214,503.95,-1.54,0.1,-15.8, 3.1e-56, 4.1e-54,Plbd1
ENSMUSG00000017734,244.85,1.56,0.14,10.9, 1.1e-27, 2.7e-26,Dbndd2
ENSMUSG00000027699,93.45,1.69,0.3,5.7, 1.2e-08, 5.9e-08,Ect2
ENSMUSG00000020458,2247.23,1.19,0.1,11.92, 9.1e-33, 3.2e-31,Rtn4
ENSMUSG00000038147,156.22,1.45,0.13,10.95, 6.7e-28, 1.7e-26,Cd84
ENSMUSG00000026042,391.47,3.53,0.19,19.06, 5.9e-81, 2.9e-78,Col5a2
ENSMUSG00000027333,160.43,2.42,0.13,18.1, 3.1e-73, 9.5e-71,Smox
ENSMUSG00000020176,173.55,1.79,0.18,9.77, 1.6e-22, 2.7e-21,Grb10
ENSMUSG00000063975,108.63,-4.78,0.3,-15.93, 3.9e-57, 5.6e-55,Slco1a5
ENSMUSG00000044786,3350.64,-1.04,0.19,-5.62, 1.9e-08, 9.1e-08,Zfp36
ENSMUSG00000001870,194.12,1.66,0.23,7.35, 2.0e-13, 1.7e-12,Ltbp1
ENSMUSG00000004730,314.11,1.41,0.25,5.53, 3.2e-08, 1.5e-07,Adgre1
ENSMUSG00000018796,19684.75,-1.61,0.13,-12.42, 2.0e-35, 8.0e-34,Acsl1
ENSMUSG00000030562,908.95,-2.65,0.16,-16.57, 1.1e-61, 1.9e-59,Nox4
ENSMUSG00000089789,2888.08,-1.18,0.14,-8.5, 1.9e-17, 2.1e-16,Rdh1
ENSMUSG00000026473,12640.35,-3.86,0.2,-18.97, 3.3e-80, 1.3e-77,Glul
ENSMUSG00000035875,6701.63,-1.03,0.11,-9.08, 1.1e-19, 1.4e-18,AI182371
ENSMUSG00000038515,384.48,-1.01,0.15,-6.7, 2.0e-11, 1.4e-10,Grtp1
ENSMUSG00000030222,119.85,1.14,0.16,6.92, 4.4e-12, 3.2e-11,Rerg
ENSMUSG00000030681,2301.76,1.02,0.19,5.33, 9.9e-08, 4.3e-07,Mvp
ENSMUSG00000063730,1719.97,-1.61,0.17,-9.62, 6.9e-22, 1.1e-20,Hsd3b2
ENSMUSG00000025584,476.4,-1.06,0.18,-5.87, 4.3e-09, 2.2e-08,Pde8a
ENSMUSG00000032500,297.14,-1.36,0.31,-4.46, 8.3e-06, 2.8e-05,Dclk3
ENSMUSG00000033209,141.74,1.1,0.15,7.4, 1.3e-13, 1.1e-12,Ttc28
ENSMUSG00000029322,221.71,1.66,0.19,8.9, 5.4e-19, 6.9e-18,Plac8
ENSMUSG00000053846,384.9,-1.24,0.23,-5.29, 1.2e-07, 5.3e-07,Lipg
ENSMUSG00000031725,8195.42,-1.75,0.17,-10.37, 3.5e-25, 7.2e-24,Ces1f
ENSMUSG00000041567,1109.87,-2.58,0.4,-6.53, 6.6e-11, 4.2e-10,Serpina12
ENSMUSG00000027750,288.25,1.38,0.17,7.88, 3.2e-15, 3.0e-14,Postn
ENSMUSG00000010651,38828.54,-1.34,0.27,-4.91, 9.1e-07, 3.5e-06,Acaa1b
ENSMUSG00000028378,229.4,1.14,0.16,7.22, 5.2e-13, 4.0e-12,Ptgr1
ENSMUSG00000026189,3770.84,-1.36,0.2,-6.89, 5.7e-12, 4.0e-11,Pecr
ENSMUSG00000030830,267.27,1.21,0.21,5.63, 1.8e-08, 8.5e-08,Itgal
ENSMUSG00000040511,332.32,1.65,0.15,10.75, 5.7e-27, 1.3e-25,Pvr
ENSMUSG00000038400,290.23,2.05,0.17,12.1, 1.1e-33, 4.1e-32,Pmepa1
ENSMUSG00000032068,123.55,1.58,0.25,6.34, 2.3e-10, 1.4e-09,Plet1
ENSMUSG00000040618,306.94,1.29,0.16,8.3, 1.1e-16, 1.1e-15,Pck2
ENSMUSG00000066595,102.54,1.19,0.16,7.48, 7.5e-14, 6.3e-13,Flvcr1
ENSMUSG00000029581,197.4,1.65,0.15,11.09, 1.4e-28, 3.7e-27,Fscn1
ENSMUSG00000090264,729.68,-2.01,0.3,-6.66, 2.7e-11, 1.8e-10,Eif4ebp3
ENSMUSG00000023505,109.01,1.44,0.28,5.15, 2.6e-07, 1.1e-06,Cdca3
ENSMUSG00000028884,208.4,1.19,0.19,6.27, 3.7e-10, 2.2e-09,Rpa2
ENSMUSG00000020814,166.6,1.74,0.15,11.59, 4.8e-31, 1.5e-29,Mxra7
ENSMUSG00000030004,679.97,-1.13,0.21,-5.36, 8.4e-08, 3.7e-07,Nat8
ENSMUSG00000035725,163.77,1.56,0.22,7.21, 5.5e-13, 4.3e-12,Prkx
ENSMUSG00000045838,99.29,1.14,0.16,7.31, 2.6e-13, 2.1e-12,Ccdc9b
ENSMUSG00000033533,7242.32,-1.18,0.11,-11.02, 3.2e-28, 8.1e-27,Acsm1
ENSMUSG00000020941,137.3,1.39,0.16,8.41, 4.0e-17, 4.4e-16,Map3k14
ENSMUSG00000032366,1761.38,1.98,0.2,10.09, 6.0e-24, 1.1e-22,Tpm1
ENSMUSG00000061959,3595.29,-1.65,0.18,-8.95, 3.4e-19, 4.4e-18,Ces1e
ENSMUSG00000001119,364.71,1.9,0.24,7.86, 3.9e-15, 3.6e-14,Col6a1
ENSMUSG00000051910,224.87,-1.15,0.2,-5.79, 7.2e-09, 3.6e-08,Sox6
ENSMUSG00000027848,429.42,2.93,0.18,15.84, 1.6e-56, 2.1e-54,Olfml3
ENSMUSG00000030220,291.24,1.4,0.12,11.67, 1.8e-31, 5.6e-30,Arhgdib
ENSMUSG00000029162,10352.3,-1.04,0.2,-5.2, 2.0e-07, 8.5e-07,Khk
ENSMUSG00000037989,97.5,3.06,0.3,10.23, 1.5e-24, 2.9e-23,Wnk2
ENSMUSG00000006589,930.56,1.08,0.16,6.82, 9.2e-12, 6.4e-11,Aprt
ENSMUSG00000031594,6961.84,1.11,0.32,3.44, 5.8e-04, 1.5e-03,Fgl1
ENSMUSG00000033910,260.35,1.41,0.2,7.21, 5.6e-13, 4.4e-12,Gucy1a1
ENSMUSG00000079470,97.27,1.04,0.28,3.75, 1.8e-04, 5.0e-04,Utp14b
ENSMUSG00000042453,1254.72,1.36,0.22,6.23, 4.6e-10, 2.7e-09,Reln
ENSMUSG00000040017,4145.66,-1.68,0.18,-9.56, 1.2e-21, 1.9e-20,Saa4
ENSMUSG00000004558,22920.92,-1.22,0.14,-8.81, 1.3e-18, 1.6e-17,Ndrg2
ENSMUSG00000026223,1296.09,1.33,0.08,15.8, 2.9e-56, 3.9e-54,Itm2c
ENSMUSG00000026360,124.46,2.01,0.17,11.79, 4.5e-32, 1.5e-30,Rgs2
ENSMUSG00000039959,230.78,1.42,0.14,9.88, 5.3e-23, 9.5e-22,Hip1
ENSMUSG00000046768,157.92,1.43,0.15,9.7, 3.1e-22, 5.2e-21,Rhoj
ENSMUSG00000025212,109.41,1.85,0.19,9.8, 1.1e-22, 1.9e-21,Sfxn3
ENSMUSG00000034993,1249.88,1.4,0.09,15.42, 1.2e-53, 1.5e-51,Vat1
ENSMUSG00000024270,124.06,1.35,0.16,8.24, 1.7e-16, 1.8e-15,Slc39a6
ENSMUSG00000026840,264.84,1.8,0.25,7.27, 3.5e-13, 2.8e-12,Lamc3
ENSMUSG00000031565,312.29,1.25,0.15,8.25, 1.6e-16, 1.6e-15,Fgfr1
ENSMUSG00000003228,148.63,1.19,0.19,6.22, 4.9e-10, 2.8e-09,Grk5
ENSMUSG00000014444,150.21,1.46,0.21,6.94, 3.9e-12, 2.8e-11,Piezo1
ENSMUSG00000015947,102.66,1.93,0.18,10.83, 2.5e-27, 6.0e-26,Fcgr1
ENSMUSG00000025317,577.82,-1.37,0.21,-6.51, 7.4e-11, 4.7e-10,Car5a
ENSMUSG00000031274,218.41,2.51,0.2,12.84, 1.0e-37, 4.5e-36,Col4a5
ENSMUSG00000016763,188.15,5.72,0.32,17.89, 1.5e-71, 4.0e-69,Scube1
ENSMUSG00000035863,190.71,2,0.18,10.98, 4.6e-28, 1.2e-26,Palm
ENSMUSG00000027187,54507.21,-1.25,0.12,-10.83, 2.5e-27, 5.9e-26,Cat
ENSMUSG00000018339,532.02,2.53,0.23,11.17, 5.5e-29, 1.5e-27,Gpx3
ENSMUSG00000019846,155.25,1.33,0.2,6.74, 1.6e-11, 1.1e-10,Lama4
ENSMUSG00000001034,113.1,1.55,0.17,8.99, 2.4e-19, 3.2e-18,Mapk7
ENSMUSG00000005533,149.12,1.36,0.19,7.29, 3.1e-13, 2.5e-12,Igf1r
ENSMUSG00000042436,150.73,1.51,0.24,6.23, 4.5e-10, 2.6e-09,Mfap4
ENSMUSG00000024640,97.06,3.86,0.49,7.93, 2.2e-15, 2.1e-14,Psat1
ENSMUSG00000024965,148.52,1.38,0.13,10.71, 9.2e-27, 2.1e-25,Fermt3
ENSMUSG00000022863,275.53,1.9,0.2,9.31, 1.3e-20, 1.9e-19,Btg3
ENSMUSG00000024424,5542.16,-1.82,0.16,-11.56, 6.3e-31, 2.0e-29,Ttc39c
ENSMUSG00000047180,267.57,1.23,0.14,8.66, 4.8e-18, 5.6e-17,Neurl3
ENSMUSG00000040268,367.97,1.15,0.11,10.84, 2.1e-27, 5.1e-26,Plekha1
ENSMUSG00000022231,127.7,2.75,0.24,11.32, 1.1e-29, 3.0e-28,Sema5a
ENSMUSG00000029656,5793.52,-2.23,0.18,-12.69, 6.4e-37, 2.7e-35,C8b
ENSMUSG00000054793,177.94,-1.93,0.16,-12.33, 6.1e-35, 2.4e-33,Cadm4
ENSMUSG00000038286,3016.64,-1.05,0.15,-7.16, 7.9e-13, 6.1e-12,Bphl
ENSMUSG00000038079,94.69,1.58,0.11,13.82, 2.0e-43, 1.3e-41,Tmem237
ENSMUSG00000026768,601.55,2.75,0.25,10.93, 7.9e-28, 2.0e-26,Itga8
ENSMUSG00000031402,1319.16,1,0.11,9.45, 3.4e-21, 5.2e-20,Mpp1
ENSMUSG00000051934,162.1,1.03,0.18,5.68, 1.4e-08, 6.6e-08,Spats2
ENSMUSG00000039765,100.6,1.2,0.15,7.78, 7.1e-15, 6.4e-14,Cc2d2a
ENSMUSG00000027800,459.54,1.13,0.17,6.52, 6.8e-11, 4.3e-10,Tm4sf1
ENSMUSG00000020810,755.9,1.88,0.14,13.51, 1.3e-41, 7.6e-40,Cygb
ENSMUSG00000032334,323.3,2.62,0.21,12.66, 1.0e-36, 4.3e-35,Loxl1
ENSMUSG00000024621,1071.64,1.14,0.18,6.33, 2.4e-10, 1.5e-09,Csf1r
ENSMUSG00000021190,1617.34,1.34,0.12,10.9, 1.2e-27, 2.9e-26,Lgmn
ENSMUSG00000030605,1107.23,2.72,0.13,20.13, 3.7e-90, 2.9e-87,Mfge8
ENSMUSG00000074743,201.75,2.3,0.2,11.71, 1.1e-31, 3.6e-30,Thbd
ENSMUSG00000036446,938.17,3.11,0.22,14.27, 3.5e-46, 2.8e-44,Lum
ENSMUSG00000034957,11436.09,-1.07,0.16,-6.5, 7.9e-11, 5.0e-10,Cebpa
ENSMUSG00000006219,166.67,3.06,0.2,15.54, 1.7e-54, 2.2e-52,Fblim1
ENSMUSG00000022822,215.66,1.7,0.16,10.91, 1.0e-27, 2.5e-26,Abcc5
ENSMUSG00000025283,1541.77,1.11,0.1,10.74, 6.4e-27, 1.5e-25,Sat1
ENSMUSG00000003873,798.72,1.01,0.18,5.6, 2.2e-08, 1.0e-07,Bax
ENSMUSG00000015083,7198.47,-1.02,0.22,-4.74, 2.2e-06, 8.0e-06,C8g
ENSMUSG00000034429,638.02,-1.33,0.18,-7.3, 2.8e-13, 2.2e-12,Zfp707
ENSMUSG00000026159,443.41,1.38,0.21,6.61, 3.8e-11, 2.5e-10,Agfg1
ENSMUSG00000017176,97.19,1.9,0.14,13.16, 1.6e-39, 7.6e-38,Nt5c3b
ENSMUSG00000005968,330.39,1.52,0.26,5.83, 5.7e-09, 2.9e-08,Tuft1
ENSMUSG00000027346,1048.94,-1.44,0.23,-6.18, 6.6e-10, 3.7e-09,Gpcpd1
ENSMUSG00000022893,386.07,1.45,0.17,8.55, 1.2e-17, 1.4e-16,Adamts1
ENSMUSG00000038642,1266.75,2.01,0.14,14.05, 7.2e-45, 5.1e-43,Ctss
ENSMUSG00000034127,207.06,2.97,0.28,10.72, 8.2e-27, 1.9e-25,Tspan8
ENSMUSG00000058207,78117.98,-1.61,0.17,-9.55, 1.3e-21, 2.0e-20,Serpina3k
ENSMUSG00000052562,2912.96,-2.12,0.16,-13.48, 2.1e-41, 1.2e-39,Slc22a30
ENSMUSG00000027559,10890.04,-2.45,0.31,-7.98, 1.5e-15, 1.4e-14,Car3
ENSMUSG00000028011,27580.42,-1.28,0.14,-9.42, 4.5e-21, 6.7e-20,Tdo2
ENSMUSG00000023021,100.47,1.83,0.16,11.27, 1.9e-29, 5.4e-28,Cers5
ENSMUSG00000028459,100.52,2.08,0.17,12.3, 8.6e-35, 3.3e-33,Cd72
ENSMUSG00000036904,260.58,-1.39,0.21,-6.62, 3.6e-11, 2.4e-10,Fzd8
ENSMUSG00000035891,178.26,1.77,0.15,11.98, 4.5e-33, 1.6e-31,Cerk
ENSMUSG00000078689,1206.87,-3.59,0.23,-15.3, 7.3e-53, 8.3e-51,Mup6
ENSMUSG00000035000,2002.97,-1.33,0.12,-10.67, 1.5e-26, 3.3e-25,Dpp4
ENSMUSG00000016758,104.37,-1.09,0.28,-3.86, 1.1e-04, 3.3e-04,Bik
ENSMUSG00000044258,100.48,1.55,0.22,6.95, 3.6e-12, 2.6e-11,Ctla2a
ENSMUSG00000002983,125.11,2.06,0.17,12.12, 8.2e-34, 3.1e-32,Relb
ENSMUSG00000018774,232.7,2.19,0.19,11.8, 3.8e-32, 1.3e-30,Cd68
ENSMUSG00000021177,101.85,1.02,0.11,9.02, 1.9e-19, 2.4e-18,Tdp1
ENSMUSG00000018008,211.28,1.85,0.15,12.2, 3.2e-34, 1.2e-32,Cyth4
ENSMUSG00000047793,111.49,-1.1,0.19,-5.9, 3.7e-09, 1.9e-08,Sned1
ENSMUSG00000024660,129.07,1.57,0.19,8.16, 3.3e-16, 3.3e-15,Incenp
ENSMUSG00000023886,416.64,2.68,0.2,13.22, 7.2e-40, 3.6e-38,Smoc2
ENSMUSG00000020034,450.88,-1.15,0.15,-7.8, 6.1e-15, 5.6e-14,Tcp11l2
ENSMUSG00000032207,3329.06,-1.41,0.12,-11.85, 2.1e-32, 7.1e-31,Lipc
ENSMUSG00000025815,478,-1.28,0.23,-5.61, 2.0e-08, 9.6e-08,Dhtkd1
ENSMUSG00000027048,12675.15,-1.55,0.15,-10.18, 2.3e-24, 4.6e-23,Abcb11
ENSMUSG00000023915,186.58,1.14,0.23,4.91, 8.9e-07, 3.4e-06,Tnfrsf21
ENSMUSG00000024663,145.29,1.19,0.13,8.97, 2.9e-19, 3.8e-18,Rab3il1
ENSMUSG00000050069,197.57,-2.05,0.32,-6.47, 9.9e-11, 6.1e-10,Grem2
ENSMUSG00000048612,270.44,3.06,0.21,14.7, 6.0e-49, 5.4e-47,Myof
ENSMUSG00000049555,443.88,-1.06,0.17,-6.36, 2.0e-10, 1.2e-09,Tmie
ENSMUSG00000028041,188.24,1.96,0.14,14.22, 7.3e-46, 5.5e-44,Adam15
ENSMUSG00000023043,6856.65,1.84,0.21,8.79, 1.4e-18, 1.8e-17,Krt18
ENSMUSG00000001288,317.67,1.22,0.12,10.46, 1.4e-25, 2.9e-24,Rarg
ENSMUSG00000021036,632.09,1.11,0.1,10.58, 3.7e-26, 8.1e-25,Sptlc2
ENSMUSG00000031075,171.74,1.93,0.26,7.54, 4.7e-14, 4.0e-13,Ano1
ENSMUSG00000028010,201.87,1.2,0.18,6.71, 1.9e-11, 1.3e-10,Gar1
ENSMUSG00000022969,340.9,1.05,0.13,8.38, 5.4e-17, 5.9e-16,Il10rb
ENSMUSG00000063856,33889.44,-1.02,0.14,-7.27, 3.5e-13, 2.8e-12,Gpx1
ENSMUSG00000021338,509.09,-1.08,0.19,-5.6, 2.1e-08, 1.0e-07,Carmil1
ENSMUSG00000022550,896.03,-1.4,0.18,-7.73, 1.1e-14, 1.0e-13,Adck5
ENSMUSG00000037405,514,1.36,0.15,9.14, 6.5e-20, 8.8e-19,Icam1
ENSMUSG00000018995,341.97,-1.03,0.1,-10.17, 2.6e-24, 5.0e-23,Nars2
ENSMUSG00000020027,531.83,-1.08,0.31,-3.51, 4.4e-04, 1.1e-03,Socs2
ENSMUSG00000030861,2606.48,-1.16,0.1,-12.15, 6.0e-34, 2.3e-32,Acadsb
ENSMUSG00000044749,2722.43,-1.04,0.28,-3.64, 2.7e-04, 7.2e-04,Abca6
ENSMUSG00000052117,290.47,-1.03,0.14,-7.19, 6.6e-13, 5.1e-12,D630039A03Rik
ENSMUSG00000058921,555.63,-1.32,0.36,-3.66, 2.5e-04, 6.7e-04,Slc10a5
ENSMUSG00000018166,1283.33,-1.2,0.32,-3.79, 1.5e-04, 4.2e-04,Erbb3
ENSMUSG00000031827,624.19,1.61,0.15,10.44, 1.6e-25, 3.4e-24,Cotl1
ENSMUSG00000002885,496.19,1.05,0.15,6.79, 1.1e-11, 7.8e-11,Adgre5
ENSMUSG00000022508,611.27,-1.92,0.4,-4.82, 1.5e-06, 5.5e-06,Bcl6
ENSMUSG00000024055,1613.44,-1.13,0.11,-10.07, 7.7e-24, 1.5e-22,Cyp4f13
ENSMUSG00000054422,101732.2,-1.44,0.24,-5.99, 2.1e-09, 1.1e-08,Fabp1
ENSMUSG00000000290,259.31,1.75,0.15,11.41, 3.8e-30, 1.1e-28,Itgb2
ENSMUSG00000027660,420.45,1.14,0.2,5.61, 2.0e-08, 9.6e-08,Skil
ENSMUSG00000042331,95.88,1.84,0.17,10.86, 1.7e-27, 4.1e-26,Specc1
ENSMUSG00000024620,736.7,2.18,0.14,15.58, 1.0e-54, 1.3e-52,Pdgfrb
ENSMUSG00000033436,99.02,1.65,0.16,10.12, 4.3e-24, 8.2e-23,Armcx2
ENSMUSG00000000184,295.44,1.37,0.16,8.82, 1.1e-18, 1.4e-17,Ccnd2
ENSMUSG00000028339,376.99,1.29,0.15,8.78, 1.6e-18, 1.9e-17,Col15a1
ENSMUSG00000052516,171.49,2.96,0.24,12.17, 4.4e-34, 1.7e-32,Robo2
ENSMUSG00000045672,1072.25,-2.22,0.22,-9.98, 1.8e-23, 3.2e-22,Col27a1
ENSMUSG00000033220,198.59,1.27,0.17,7.44, 1.0e-13, 8.5e-13,Rac2
ENSMUSG00000052889,159.83,1.4,0.16,8.93, 4.1e-19, 5.3e-18,Prkcb
ENSMUSG00000000142,341.61,1.04,0.22,4.78, 1.8e-06, 6.5e-06,Axin2
ENSMUSG00000026475,2299.64,-3.81,0.45,-8.55, 1.2e-17, 1.4e-16,Rgs16
ENSMUSG00000058715,249.43,1.53,0.19,7.96, 1.7e-15, 1.6e-14,Fcer1g
ENSMUSG00000026628,259.24,1.94,0.33,5.96, 2.6e-09, 1.3e-08,Atf3
ENSMUSG00000004098,1699.23,-1.5,0.2,-7.51, 5.9e-14, 5.0e-13,Col5a3
ENSMUSG00000038217,1005.34,-1.13,0.22,-5.08, 3.7e-07, 1.5e-06,Tlcd2
ENSMUSG00000027359,25925.71,-1.34,0.14,-9.62, 6.9e-22, 1.1e-20,Slc27a2
ENSMUSG00000041536,195.5,-1.67,0.27,-6.08, 1.2e-09, 6.5e-09,Serpina3a
ENSMUSG00000035836,8375.9,-2.11,0.17,-12.09, 1.1e-33, 4.2e-32,Ugt2b1
ENSMUSG00000027459,112.75,1.13,0.14,7.98, 1.4e-15, 1.4e-14,Fam110a
ENSMUSG00000031799,996.81,1.38,0.09,15.21, 3.1e-52, 3.4e-50,Tpm4
ENSMUSG00000028312,121.02,1.46,0.22,6.66, 2.7e-11, 1.8e-10,Smc2
ENSMUSG00000030217,161.43,1.48,0.19,7.63, 2.3e-14, 2.0e-13,Art4
ENSMUSG00000003541,102.78,2.79,0.28,10.02, 1.2e-23, 2.2e-22,Ier3
ENSMUSG00000030340,519.25,-1.94,0.18,-10.78, 4.4e-27, 1.0e-25,Scnn1a
ENSMUSG00000027293,307.11,1.57,0.11,13.95, 3.2e-44, 2.2e-42,Ehd4
ENSMUSG00000018593,1204.98,2.29,0.15,14.97, 1.1e-50, 1.1e-48,Sparc
ENSMUSG00000012350,185.77,3.52,0.28,12.65, 1.1e-36, 4.4e-35,Ehf
ENSMUSG00000056737,212.48,2.93,0.21,13.65, 2.0e-42, 1.2e-40,Capg
ENSMUSG00000020777,45767.12,-1.06,0.13,-7.94, 2.0e-15, 1.9e-14,Acox1
ENSMUSG00000060950,164.01,1.02,0.16,6.25, 4.2e-10, 2.4e-09,Trmt61a
ENSMUSG00000073609,607.16,-1,0.13,-8.01, 1.1e-15, 1.1e-14,D2hgdh
ENSMUSG00000010095,1432.37,1.25,0.13,9.73, 2.2e-22, 3.7e-21,Slc3a2
ENSMUSG00000020806,331.07,1.1,0.12,9.16, 5.4e-20, 7.4e-19,Rhbdf2
ENSMUSG00000033898,12639.65,-1.09,0.11,-9.67, 3.9e-22, 6.4e-21,Cfhr2
ENSMUSG00000054226,2357.73,-1.04,0.08,-13.6, 4.3e-42, 2.5e-40,Tprkb
ENSMUSG00000020123,454.52,-1.26,0.26,-4.87, 1.1e-06, 4.1e-06,Avpr1a
ENSMUSG00000032420,267.12,2.68,0.33,8.25, 1.5e-16, 1.6e-15,Nt5e
ENSMUSG00000052397,404.7,1.44,0.18,8.08, 6.4e-16, 6.3e-15,Ezr
ENSMUSG00000024030,224.12,1.25,0.13,9.35, 8.4e-21, 1.2e-19,Abcg1
ENSMUSG00000055137,642.7,-1.96,0.22,-8.87, 7.4e-19, 9.3e-18,Sugct
ENSMUSG00000027761,9749.1,-1.42,0.11,-12.5, 7.9e-36, 3.2e-34,Aadac
ENSMUSG00000053581,424.61,2.24,0.24,9.29, 1.5e-20, 2.1e-19,Zfand2a
ENSMUSG00000020051,20724.04,-1.1,0.14,-7.71, 1.3e-14, 1.1e-13,Pah
ENSMUSG00000033855,151.26,1.16,0.33,3.49, 4.8e-04, 1.2e-03,Ston1
ENSMUSG00000049103,129.48,2.94,0.16,18.1, 3.3e-73, 9.7e-71,Ccr2
ENSMUSG00000031489,121.1,-1.5,0.29,-5.24, 1.6e-07, 6.7e-07,Adrb3
ENSMUSG00000018819,219.21,1.81,0.17,10.35, 4.2e-25, 8.7e-24,Lsp1
ENSMUSG00000002980,335.05,1.5,0.18,8.27, 1.3e-16, 1.4e-15,Bcam
ENSMUSG00000031451,2721.86,1.29,0.15,8.73, 2.5e-18, 3.0e-17,Gas6
ENSMUSG00000032324,199.74,1.7,0.15,11.16, 6.1e-29, 1.7e-27,Tspan3
ENSMUSG00000037686,3707.74,-1.32,0.22,-5.9, 3.6e-09, 1.9e-08,Aspg
ENSMUSG00000066154,115787.84,-3.05,0.2,-15.16, 6.2e-52, 6.6e-50,Mup3
ENSMUSG00000062210,101.81,2.04,0.18,11.44, 2.7e-30, 8.1e-29,Tnfaip8
ENSMUSG00000002992,7695.62,1.1,0.15,7.51, 5.9e-14, 5.0e-13,Apoc2
ENSMUSG00000021493,327.91,1.82,0.16,11.48, 1.7e-30, 5.1e-29,Pdlim7
ENSMUSG00000028194,2852.18,-1.2,0.12,-9.98, 1.8e-23, 3.3e-22,Ddah1
ENSMUSG00000022186,148.13,1.93,0.21,9.3, 1.3e-20, 1.9e-19,Oxct1
ENSMUSG00000022181,5358.01,-2.29,0.16,-14.26, 3.9e-46, 3.1e-44,C6
ENSMUSG00000035878,1290.86,-1.57,0.17,-9.07, 1.2e-19, 1.5e-18,Hykk
ENSMUSG00000003053,29517.13,-1.12,0.31,-3.6, 3.2e-04, 8.3e-04,Cyp2c29
ENSMUSG00000022894,274.47,2.71,0.2,13.39, 7.1e-41, 3.9e-39,Adamts5
ENSMUSG00000004038,12143.38,1.17,0.17,6.72, 1.8e-11, 1.2e-10,Gstm3
ENSMUSG00000030107,250.18,1.22,0.17,7.06, 1.7e-12, 1.3e-11,Usp18
ENSMUSG00000047728,1958.33,-1.18,0.14,-8.24, 1.8e-16, 1.8e-15,Ly6g2
ENSMUSG00000006205,188.41,1.45,0.19,7.6, 2.9e-14, 2.5e-13,Htra1
ENSMUSG00000030970,119.72,1.61,0.17,9.36, 7.9e-21, 1.2e-19,Ctbp2
ENSMUSG00000031502,2174.07,2.32,0.15,15.88, 8.2e-57, 1.2e-54,Col4a1
ENSMUSG00000020326,1234,1.68,0.23,7.22, 5.2e-13, 4.0e-12,Ccng1
ENSMUSG00000071226,332.17,-1.13,0.14,-8.29, 1.2e-16, 1.2e-15,Cecr2
ENSMUSG00000024300,152.81,2.1,0.17,12.09, 1.2e-33, 4.4e-32,Myo1f
ENSMUSG00000069662,680.44,1.36,0.12,11.37, 5.8e-30, 1.7e-28,Marcks
ENSMUSG00000000489,96.92,2.36,0.16,14.48, 1.6e-47, 1.3e-45,Pdgfb
ENSMUSG00000030774,146.41,2.49,0.13,19.02, 1.3e-80, 5.4e-78,Pak1
ENSMUSG00000037211,139.68,1.35,0.14,9.73, 2.2e-22, 3.8e-21,Spry1
ENSMUSG00000079227,136.23,1.43,0.2,7.13, 1.0e-12, 7.6e-12,Ccr5
ENSMUSG00000039936,144.02,1.29,0.14,9.15, 5.7e-20, 7.8e-19,Pik3cd
ENSMUSG00000031762,654,3.77,0.57,6.66, 2.8e-11, 1.8e-10,Mt2
ENSMUSG00000024190,1498.74,-1.67,0.24,-6.9, 5.3e-12, 3.8e-11,Dusp1
ENSMUSG00000079494,258.86,-1.42,0.29,-4.91, 9.2e-07, 3.5e-06,Nat8f5
ENSMUSG00000000058,165.77,1.25,0.18,6.95, 3.6e-12, 2.6e-11,Cav2
ENSMUSG00000032754,1017.09,-1.18,0.15,-7.96, 1.7e-15, 1.6e-14,Slc8b1
ENSMUSG00000024598,88.47,7.62,0.57,13.3, 2.3e-40, 1.2e-38,Fbn2
ENSMUSG00000057193,376.32,1.4,0.13,10.67, 1.3e-26, 3.1e-25,Slc44a2
ENSMUSG00000002870,132.56,2.08,0.24,8.85, 9.1e-19, 1.1e-17,Mcm2
ENSMUSG00000036278,890.63,-1.23,0.21,-5.97, 2.4e-09, 1.3e-08,Macrod1
ENSMUSG00000054263,3632.4,-1.32,0.17,-7.99, 1.4e-15, 1.3e-14,Lifr
ENSMUSG00000067279,1143.7,-1.1,0.32,-3.44, 5.8e-04, 1.4e-03,Ppp1r3c
ENSMUSG00000019906,464.29,-1.96,0.17,-11.82, 3.0e-32, 1.0e-30,Lin7a
ENSMUSG00000004665,298.86,1.48,0.16,9.17, 4.6e-20, 6.4e-19,Cnn2
ENSMUSG00000037206,226.32,1.24,0.22,5.75, 8.7e-09, 4.3e-08,Islr
ENSMUSG00000053062,402.98,1.3,0.16,8.1, 5.4e-16, 5.4e-15,Jam2
ENSMUSG00000030701,720.36,-2.18,0.15,-14.48, 1.5e-47, 1.3e-45,Plekhb1
ENSMUSG00000090942,505.95,-1.49,0.18,-8.29, 1.2e-16, 1.2e-15,F830016B08Rik
ENSMUSG00000060317,1633.64,1.1,0.15,7.25, 4.1e-13, 3.2e-12,Acnat2
ENSMUSG00000020272,145.52,1.63,0.14,11.66, 2.0e-31, 6.4e-30,Stk10
ENSMUSG00000036887,1131.66,1.28,0.17,7.55, 4.2e-14, 3.6e-13,C1qa
ENSMUSG00000036181,2135.11,1.13,0.18,6.23, 4.6e-10, 2.7e-09,H1f2
ENSMUSG00000020911,196.81,1.01,0.37,2.69, 7.1e-03, 1.4e-02,Krt19
ENSMUSG00000022149,7027.64,-1.12,0.18,-6.3, 3.0e-10, 1.8e-09,C9
ENSMUSG00000074802,117.77,1.27,0.17,7.69, 1.4e-14, 1.3e-13,Gas2l3
ENSMUSG00000037313,104.25,1.28,0.22,5.71, 1.1e-08, 5.5e-08,Tacc3
ENSMUSG00000018623,322.27,6.09,0.41,14.74, 3.7e-49, 3.4e-47,Mmp7
ENSMUSG00000005873,797.48,1.07,0.16,6.53, 6.6e-11, 4.2e-10,Reep5
ENSMUSG00000096852,6099.5,-1.76,0.17,-10.06, 8.4e-24, 1.6e-22,Cyp2d12
ENSMUSG00000034652,126.36,1.41,0.16,9, 2.3e-19, 3.0e-18,Cd300a
ENSMUSG00000031740,553.47,3.81,0.25,15.46, 6.4e-54, 7.7e-52,Mmp2
ENSMUSG00000036854,340.27,-1.02,0.19,-5.4, 6.5e-08, 2.9e-07,Hspb6
ENSMUSG00000015806,3636.02,-1.08,0.21,-5.11, 3.2e-07, 1.3e-06,Qdpr
ENSMUSG00000030737,2899.26,-1.4,0.15,-9.24, 2.6e-20, 3.6e-19,Slco2b1
ENSMUSG00000005611,108.92,1.31,0.21,6.32, 2.6e-10, 1.5e-09,Irag1
ENSMUSG00000024754,322.56,1.16,0.17,6.72, 1.8e-11, 1.2e-10,Cemip2
ENSMUSG00000031133,110.49,1.33,0.16,8.19, 2.6e-16, 2.6e-15,Arhgef6
ENSMUSG00000039899,186.07,1.6,0.23,7.09, 1.4e-12, 1.0e-11,Fgl2
ENSMUSG00000004044,510.94,1.34,0.16,8.17, 3.1e-16, 3.1e-15,Cavin1
ENSMUSG00000032114,3486.62,-1.05,0.18,-5.99, 2.1e-09, 1.1e-08,Slc37a4
ENSMUSG00000034308,1552.09,-1.04,0.15,-6.9, 5.1e-12, 3.6e-11,Sdr42e1
ENSMUSG00000012519,154.51,1.61,0.12,12.98, 1.6e-38, 7.4e-37,Mlkl
ENSMUSG00000030483,1192.01,1.91,0.47,4.09, 4.3e-05, 1.3e-04,Cyp2b10
ENSMUSG00000002944,2410.99,2.02,0.19,10.37, 3.3e-25, 6.9e-24,Cd36
ENSMUSG00000054675,105.45,2.62,0.2,13.28, 3.2e-40, 1.7e-38,Tmem119
ENSMUSG00000041642,94.29,1.62,0.16,9.95, 2.6e-23, 4.7e-22,Kif21b
ENSMUSG00000027864,261.34,2.12,0.18,11.69, 1.5e-31, 4.8e-30,Ptgfrn
ENSMUSG00000049866,130.07,2.05,0.15,13.9, 6.2e-44, 4.1e-42,Arl4c
ENSMUSG00000041859,219.17,1.94,0.23,8.39, 4.8e-17, 5.2e-16,Mcm3
ENSMUSG00000016194,9597.6,-1.52,0.14,-11.2, 4.1e-29, 1.1e-27,Hsd11b1
ENSMUSG00000024885,100.43,1.29,0.19,6.61, 3.9e-11, 2.5e-10,Aldh3b1
ENSMUSG00000073565,485.24,-1.32,0.17,-7.96, 1.8e-15, 1.7e-14,Prr16
ENSMUSG00000022615,519.94,-2.2,0.23,-9.64, 5.5e-22, 9.0e-21,Tymp
ENSMUSG00000062181,19653.94,-2.25,0.16,-14.01, 1.3e-44, 9.0e-43,Ces3b
ENSMUSG00000068085,7352.4,-1.33,0.09,-14.53, 8.3e-48, 7.3e-46,Cyp2d11
ENSMUSG00000087006,214.24,1.6,0.23,7, 2.5e-12, 1.9e-11,Gm13889
ENSMUSG00000041782,211.27,-1.13,0.21,-5.31, 1.1e-07, 4.7e-07,Lad1
ENSMUSG00000023147,110.58,1.03,0.12,8.27, 1.3e-16, 1.4e-15,Get1
ENSMUSG00000028364,151.6,3.63,0.3,12.07, 1.6e-33, 5.7e-32,Tnc
ENSMUSG00000026417,25974.66,-1.62,0.19,-8.53, 1.5e-17, 1.7e-16,Pigr
ENSMUSG00000038155,48115.85,-1.03,0.25,-4.14, 3.5e-05, 1.1e-04,Gstp2
ENSMUSG00000053414,161.68,1.21,0.19,6.39, 1.7e-10, 1.0e-09,Hunk
ENSMUSG00000029195,494.25,-1.12,0.23,-4.97, 6.7e-07, 2.6e-06,Klb
ENSMUSG00000102918,107.59,1.48,0.36,4.07, 4.8e-05, 1.4e-04,Pcdhgc3
ENSMUSG00000031633,351.17,2,0.32,6.29, 3.3e-10, 1.9e-09,Slc25a4
ENSMUSG00000019261,224.42,1.08,0.13,8.24, 1.8e-16, 1.8e-15,Map1s
ENSMUSG00000092008,3546.56,-1.57,0.19,-8.24, 1.7e-16, 1.8e-15,Cyp2c69
ENSMUSG00000024026,8139.91,-1.41,0.11,-13.39, 7.2e-41, 3.9e-39,Glo1
ENSMUSG00000039405,211.76,1.2,0.17,7.14, 9.3e-13, 7.1e-12,Prss23
ENSMUSG00000035864,162.19,-1.41,0.19,-7.4, 1.4e-13, 1.1e-12,Syt1
ENSMUSG00000032332,101.85,1.63,0.23,7.2, 5.8e-13, 4.5e-12,Col12a1
ENSMUSG00000011382,2585.23,-1.39,0.15,-8.98, 2.6e-19, 3.4e-18,Dhdh
ENSMUSG00000040152,230.41,3.87,0.26,15.11, 1.5e-51, 1.5e-49,Thbs1
ENSMUSG00000049044,3392.26,-1.19,0.15,-8.19, 2.7e-16, 2.7e-15,Rapgef4
ENSMUSG00000023972,123.55,3.26,0.19,16.81, 2.0e-63, 3.9e-61,Ptk7
ENSMUSG00000030236,15524.12,-1.59,0.15,-10.66, 1.6e-26, 3.6e-25,Slco1b2
ENSMUSG00000029122,126.3,1.63,0.13,12.15, 6.0e-34, 2.3e-32,Evc
ENSMUSG00000021795,124.63,2.19,0.26,8.32, 9.1e-17, 9.6e-16,Sftpd
ENSMUSG00000021423,142.6,1.62,0.17,9.71, 2.8e-22, 4.7e-21,Ly86
ENSMUSG00000041515,157.79,1.16,0.12,9.66, 4.6e-22, 7.5e-21,Irf8
ENSMUSG00000069833,1332.03,1.34,0.15,9.13, 6.9e-20, 9.3e-19,Ahnak
ENSMUSG00000050335,516.85,4.29,0.3,14.24, 5.1e-46, 4.0e-44,Lgals3
ENSMUSG00000020282,313.59,1.44,0.1,14.51, 1.1e-47, 9.3e-46,Rhbdf1
ENSMUSG00000031965,229.76,1.98,0.26,7.65, 2.0e-14, 1.7e-13,Tbx20
ENSMUSG00000033308,7264.51,-1.57,0.17,-9.38, 6.5e-21, 9.6e-20,Dpyd
ENSMUSG00000026944,1210.94,-1.22,0.15,-8.19, 2.6e-16, 2.6e-15,Abca2
ENSMUSG00000031530,113.64,2.16,0.32,6.77, 1.3e-11, 8.7e-11,Dusp4
ENSMUSG00000022831,254.71,1.22,0.14,8.42, 3.9e-17, 4.3e-16,Hcls1
ENSMUSG00000022849,106.79,1.25,0.17,7.51, 6.1e-14, 5.1e-13,Hspbap1
ENSMUSG00000062949,4058.19,-1.26,0.14,-9.17, 4.9e-20, 6.8e-19,Atp11c
ENSMUSG00000075284,194.45,1.46,0.15,9.44, 3.6e-21, 5.5e-20,Wipf1
ENSMUSG00000057335,270.55,1.38,0.23,6.1, 1.1e-09, 5.8e-09,Cep170
ENSMUSG00000022594,95.92,2.33,0.21,11.23, 2.8e-29, 7.8e-28,Lynx1
ENSMUSG00000060671,128.25,2.06,0.14,14.48, 1.5e-47, 1.3e-45,Atp8b2
ENSMUSG00000048126,1303.39,3.35,0.18,18.33, 5.0e-75, 1.6e-72,Col6a3
ENSMUSG00000041959,2976.96,1.45,0.16,9.15, 5.8e-20, 7.9e-19,S100a10
ENSMUSG00000022514,2571.23,-1.87,0.13,-14.58, 3.5e-48, 3.1e-46,Il1rap
ENSMUSG00000027490,145.37,1.29,0.25,5.14, 2.7e-07, 1.1e-06,E2f1
ENSMUSG00000026395,302.33,1.52,0.15,10.14, 3.5e-24, 6.7e-23,Ptprc
ENSMUSG00000064210,533.57,1.5,0.12,12.94, 2.7e-38, 1.2e-36,Ano6
ENSMUSG00000041698,4501.16,-7.31,0.35,-20.75, 1.2e-95, 1.1e-92,Slco1a1
ENSMUSG00000070003,171.97,1.6,0.16,10.13, 4.2e-24, 8.0e-23,Ssbp4
ENSMUSG00000019920,531.13,1.2,0.14,8.33, 8.1e-17, 8.6e-16,Lims1
ENSMUSG00000032320,233.98,1.13,0.08,13.34, 1.3e-40, 7.1e-39,Rcn2
ENSMUSG00000002797,274.24,1.15,0.18,6.4, 1.5e-10, 9.4e-10,Ggct
ENSMUSG00000031103,94.87,2.07,0.21,10.03, 1.1e-23, 2.1e-22,Elf4
ENSMUSG00000032035,570.1,1.07,0.13,8.12, 4.8e-16, 4.8e-15,Ets1
ENSMUSG00000019558,404.71,1.54,0.13,11.63, 3.0e-31, 9.3e-30,Slc6a8
ENSMUSG00000033102,540.52,-1,0.14,-7.25, 4.2e-13, 3.3e-12,Cdc14b
ENSMUSG00000039323,13065.42,-1.28,0.26,-4.98, 6.5e-07, 2.5e-06,Igfbp2
ENSMUSG00000098557,357.59,1.09,0.17,6.56, 5.3e-11, 3.4e-10,Kctd12
ENSMUSG00000040747,194.17,1.54,0.14,10.85, 1.9e-27, 4.7e-26,Cd53
ENSMUSG00000024063,722.38,2.17,0.12,17.88, 1.7e-71, 4.5e-69,Lbh
ENSMUSG00000031443,1738.26,-1.01,0.18,-5.44, 5.2e-08, 2.3e-07,F7
ENSMUSG00000026621,9550.63,-1.1,0.14,-7.74, 9.8e-15, 8.9e-14,Mtarc1
ENSMUSG00000019989,1056.59,-1.64,0.19,-8.81, 1.2e-18, 1.5e-17,Enpp3
ENSMUSG00000024254,1536.66,-1.56,0.15,-10.52, 6.8e-26, 1.5e-24,Abcg8
ENSMUSG00000055254,243.68,3.43,0.26,13, 1.2e-38, 5.5e-37,Ntrk2
ENSMUSG00000072568,259.51,1.45,0.18,7.95, 1.9e-15, 1.8e-14,Lratd2
ENSMUSG00000030208,313.13,4.09,0.21,19.11, 2.0e-81, 1.1e-78,Emp1
ENSMUSG00000046818,159.02,3.58,0.28,12.79, 1.8e-37, 7.8e-36,Ddit4l
ENSMUSG00000029311,3991.45,-1.25,0.13,-9.73, 2.2e-22, 3.7e-21,Hsd17b11
ENSMUSG00000029070,139.99,1.69,0.18,9.6, 8.1e-22, 1.3e-20,Mxra8
ENSMUSG00000067586,118.93,1.52,0.16,9.69, 3.4e-22, 5.7e-21,S1pr3
ENSMUSG00000045441,150.81,-1.2,0.45,-2.68, 7.4e-03, 1.5e-02,Gprin3
ENSMUSG00000046805,1744.68,1.48,0.17,8.5, 1.9e-17, 2.1e-16,Mpeg1
ENSMUSG00000026972,144.7,1.26,0.18,7.16, 8.2e-13, 6.3e-12,Arrdc1
ENSMUSG00000022951,866.35,1.4,0.17,8.39, 5.0e-17, 5.5e-16,Rcan1
ENSMUSG00000026986,585.88,-1.39,0.13,-10.46, 1.3e-25, 2.8e-24,Hnmt
ENSMUSG00000035778,104.39,1.59,0.13,11.83, 2.7e-32, 9.2e-31,Ggta1
ENSMUSG00000029086,199.36,3.39,0.26,13.27, 3.6e-40, 1.9e-38,Prom1
ENSMUSG00000024542,139.49,1.87,0.22,8.7, 3.4e-18, 4.0e-17,Cep192
ENSMUSG00000025154,146.52,1.57,0.14,11.1, 1.3e-28, 3.5e-27,Arhgap19
ENSMUSG00000006800,371.7,1.08,0.16,6.74, 1.6e-11, 1.1e-10,Sulf2
ENSMUSG00000037788,131.08,1.04,0.11,9.55, 1.3e-21, 2.1e-20,Vopp1
ENSMUSG00000026604,164.49,2.19,0.21,10.61, 2.5e-26, 5.6e-25,Ptpn14
ENSMUSG00000037111,368.48,1.21,0.2,6.2, 5.5e-10, 3.1e-09,Setd7
ENSMUSG00000032802,2136.23,2.36,0.15,16.23, 2.9e-59, 4.6e-57,Srxn1
ENSMUSG00000026890,209.94,-1.71,0.13,-12.84, 9.3e-38, 4.2e-36,Lhx6
ENSMUSG00000031995,189.02,3.25,0.26,12.36, 4.5e-35, 1.8e-33,St14
ENSMUSG00000049723,179.99,6.62,0.39,17.12, 1.0e-65, 2.3e-63,Mmp12
ENSMUSG00000020044,1439.9,1.54,0.13,11.78, 5.2e-32, 1.7e-30,Timp3
ENSMUSG00000033420,102.65,1.63,0.25,6.52, 6.9e-11, 4.4e-10,Antxr1
ENSMUSG00000038323,623.95,-1.15,0.12,-9.71, 2.6e-22, 4.4e-21,1700066M21Rik
ENSMUSG00000007039,169.98,1.47,0.22,6.78, 1.2e-11, 8.1e-11,Ddah2
ENSMUSG00000019978,459.86,1.14,0.12,9.45, 3.3e-21, 5.0e-20,Epb41l2
ENSMUSG00000051579,605.42,1.84,0.12,15.26, 1.4e-52, 1.6e-50,Tceal8
ENSMUSG00000039316,107.51,1.96,0.15,13.44, 3.3e-41, 1.8e-39,Rftn1
ENSMUSG00000034936,1122.96,-1.85,0.31,-6.01, 1.8e-09, 9.7e-09,Arl4d
ENSMUSG00000031627,1483.35,-1.11,0.11,-10.53, 6.2e-26, 1.3e-24,Irf2
ENSMUSG00000015745,208.04,1.35,0.17,8.14, 4.1e-16, 4.1e-15,Plekho1
ENSMUSG00000061751,549.6,-1.11,0.14,-8.08, 6.4e-16, 6.4e-15,Kalrn
ENSMUSG00000022438,157.69,1.63,0.14,12.07, 1.5e-33, 5.3e-32,Parvb
ENSMUSG00000015950,158.61,1.49,0.15,9.7, 2.9e-22, 4.9e-21,Ncf1
ENSMUSG00000026170,9663.84,-1.42,0.1,-14.11, 3.2e-45, 2.3e-43,Cyp27a1
ENSMUSG00000003500,169.76,1.95,0.13,15.54, 1.9e-54, 2.4e-52,Impdh1
ENSMUSG00000019139,371.89,1.16,0.16,7.08, 1.4e-12, 1.1e-11,Isyna1
ENSMUSG00000060613,8015.39,-1.07,0.19,-5.55, 2.9e-08, 1.3e-07,Cyp2c70
ENSMUSG00000019838,1978.75,-1.27,0.12,-10.78, 4.4e-27, 1.0e-25,Slc16a10
ENSMUSG00000020674,346.55,1.33,0.18,7.37, 1.7e-13, 1.4e-12,Pxdn
ENSMUSG00000030088,21765.24,-1.08,0.19,-5.69, 1.3e-08, 6.2e-08,Aldh1l1
ENSMUSG00000043079,402.72,2.28,0.12,19.67, 4.2e-86, 2.9e-83,Synpo
ENSMUSG00000052151,726.59,1.01,0.13,7.52, 5.6e-14, 4.7e-13,Plpp2
ENSMUSG00000029910,129.44,1.31,0.18,7.38, 1.6e-13, 1.3e-12,Mad2l1
ENSMUSG00000004508,108.46,1.77,0.17,10.17, 2.7e-24, 5.2e-23,Gab2
ENSMUSG00000027276,203.15,1.05,0.12,9.12, 7.7e-20, 1.0e-18,Jag1
ENSMUSG00000021782,253.88,1.46,0.23,6.48, 9.0e-11, 5.6e-10,Dlg5
ENSMUSG00000026121,125.89,1.12,0.12,9.01, 2.1e-19, 2.7e-18,Sema4c
ENSMUSG00000036896,958.21,1.24,0.16,7.9, 2.8e-15, 2.7e-14,C1qc
ENSMUSG00000032028,176.51,-5.69,0.27,-21.37,2.6e-101, 6.1e-98,Nxpe2
ENSMUSG00000032231,1776.67,4.01,0.21,19.04, 7.7e-81, 3.5e-78,Anxa2
ENSMUSG00000054404,417.4,1.08,0.13,8.09, 5.7e-16, 5.7e-15,Slfn5
ENSMUSG00000031778,172.59,3.42,0.19,18.08, 4.4e-73, 1.3e-70,Cx3cl1
ENSMUSG00000054203,135.48,1.18,0.16,7.32, 2.5e-13, 2.0e-12,Ifi205
ENSMUSG00000012017,261.8,1.34,0.14,9.66, 4.6e-22, 7.5e-21,Scarf2
ENSMUSG00000037411,104.43,2.39,0.33,7.19, 6.5e-13, 5.1e-12,Serpine1
ENSMUSG00000027188,233.88,1.84,0.19,9.49, 2.3e-21, 3.5e-20,Pamr1
ENSMUSG00000016494,224.55,2.89,0.22,13.33, 1.6e-40, 8.4e-39,Cd34
ENSMUSG00000022665,1030.62,3.21,0.15,21.26,2.5e-100, 3.4e-97,Ccdc80
ENSMUSG00000045934,150.66,3.08,0.2,15.59, 8.5e-55, 1.1e-52,Mtmr11
ENSMUSG00000058022,2321.35,-1.06,0.16,-6.58, 4.7e-11, 3.0e-10,Adtrp
ENSMUSG00000028832,426.12,1.5,0.24,6.34, 2.3e-10, 1.3e-09,Stmn1
ENSMUSG00000022150,396.97,1.08,0.14,7.67, 1.7e-14, 1.5e-13,Dab2
ENSMUSG00000021556,353.16,2.9,0.19,15.06, 3.1e-51, 3.1e-49,Golm1
ENSMUSG00000000673,9709.24,-1.54,0.19,-7.96, 1.7e-15, 1.7e-14,Haao
ENSMUSG00000057069,2027.05,-1.5,0.2,-7.65, 2.1e-14, 1.8e-13,Ero1b
ENSMUSG00000035472,243.28,-1.12,0.16,-6.95, 3.7e-12, 2.7e-11,Slc25a21
ENSMUSG00000092074,391.86,1.13,0.15,7.54, 4.8e-14, 4.1e-13,Dynlt1a
ENSMUSG00000030782,111.49,1.24,0.17,7.51, 5.9e-14, 5.0e-13,Tgfb1i1
ENSMUSG00000032440,1108.35,1.39,0.19,7.14, 9.6e-13, 7.3e-12,Tgfbr2
ENSMUSG00000013076,365.73,1.27,0.16,8.14, 3.9e-16, 4.0e-15,Amotl1
ENSMUSG00000030707,333.86,1.86,0.2,9.44, 3.6e-21, 5.5e-20,Coro1a
ENSMUSG00000000078,808.3,3.24,0.24,13.52, 1.2e-41, 6.9e-40,Klf6
ENSMUSG00000026979,121.54,1.74,0.16,10.7, 1.1e-26, 2.4e-25,Psd4
ENSMUSG00000027597,36360.41,-1.52,0.18,-8.5, 1.9e-17, 2.1e-16,Ahcy
ENSMUSG00000024538,177.25,2.39,0.15,16.18, 6.6e-59, 1.0e-56,Ppic
ENSMUSG00000040134,22654.01,-1.13,0.15,-7.56, 4.2e-14, 3.6e-13,Rdh7
ENSMUSG00000028063,1867.97,1.11,0.11,9.84, 7.6e-23, 1.3e-21,Lmna
ENSMUSG00000030403,592.82,1.11,0.09,11.79, 4.2e-32, 1.4e-30,Vasp
ENSMUSG00000000326,17265.84,-1.13,0.1,-11.44, 2.6e-30, 7.8e-29,Comt
ENSMUSG00000041828,1920.83,-1.98,0.18,-10.93, 8.3e-28, 2.1e-26,Abca8a
ENSMUSG00000023805,180.61,1.37,0.18,7.39, 1.5e-13, 1.2e-12,Synj2
ENSMUSG00000001670,26602.55,-1.14,0.25,-4.61, 4.1e-06, 1.4e-05,Tat
ENSMUSG00000017978,278.69,-1.3,0.2,-6.52, 6.8e-11, 4.3e-10,Cadps2
ENSMUSG00000045314,249.24,1.14,0.22,5.19, 2.1e-07, 8.9e-07,Sowahb
ENSMUSG00000037379,466.39,1.27,0.28,4.61, 4.1e-06, 1.4e-05,Spon2
ENSMUSG00000041920,126.96,1.11,0.16,6.81, 9.9e-12, 6.8e-11,Slc16a6
ENSMUSG00000054477,336.33,-1.15,0.13,-9.04, 1.6e-19, 2.1e-18,Kcnn2
ENSMUSG00000044645,262.64,1.89,0.2,9.36, 7.8e-21, 1.1e-19,Gm7334
ENSMUSG00000022895,1162.52,1.82,0.17,10.48, 1.0e-25, 2.2e-24,Ets2
ENSMUSG00000023885,210.15,2.49,0.25,9.99, 1.6e-23, 3.0e-22,Thbs2
ENSMUSG00000048537,281.58,1.5,0.11,13.4, 6.4e-41, 3.5e-39,Phldb1
ENSMUSG00000040127,1075.07,-1.97,0.19,-10.38, 3.0e-25, 6.2e-24,Sdr9c7
ENSMUSG00000060181,345,-1.12,0.09,-12.47, 1.1e-35, 4.5e-34,Slc35e3
ENSMUSG00000029314,201.15,1.77,0.21,8.27, 1.4e-16, 1.4e-15,Gpat3
ENSMUSG00000027035,151.98,1.36,0.35,3.85, 1.2e-04, 3.3e-04,Cers6
ENSMUSG00000030659,288.88,2.49,0.31,8.12, 4.7e-16, 4.7e-15,Nucb2
ENSMUSG00000051439,230.97,3.56,0.26,13.51, 1.4e-41, 7.9e-40,Cd14
ENSMUSG00000073684,329.13,1.18,0.13,9.29, 1.6e-20, 2.2e-19,Faap20
ENSMUSG00000019970,858.04,1.38,0.19,7.37, 1.8e-13, 1.4e-12,Sgk1
ENSMUSG00000039783,5452.79,-1.05,0.11,-9.83, 8.0e-23, 1.4e-21,Kmo
ENSMUSG00000031207,866.49,1.43,0.14,10.5, 8.9e-26, 1.9e-24,Msn
ENSMUSG00000063704,358.35,-2.59,0.19,-13.5, 1.6e-41, 9.2e-40,Mapk15
ENSMUSG00000032744,100.28,1.29,0.16,7.92, 2.3e-15, 2.2e-14,Heyl
ENSMUSG00000036138,20046.2,-1.25,0.25,-5.08, 3.8e-07, 1.5e-06,Acaa1a
ENSMUSG00000020737,597.97,1.31,0.15,9.03, 1.8e-19, 2.3e-18,Jpt1
ENSMUSG00000021196,159.12,1.4,0.16,8.97, 3.0e-19, 3.9e-18,Pfkp
ENSMUSG00000025887,131.25,1.92,0.21,9.03, 1.8e-19, 2.3e-18,Casp12
ENSMUSG00000021068,115.87,1.54,0.18,8.68, 4.1e-18, 4.8e-17,Nin
ENSMUSG00000036019,181.04,-1.34,0.2,-6.79, 1.1e-11, 7.7e-11,Tmtc2
ENSMUSG00000042213,388.13,-1.43,0.16,-9.14, 6.1e-20, 8.4e-19,Zfand4
ENSMUSG00000022237,502.26,-1.32,0.2,-6.47, 9.6e-11, 6.0e-10,Ankrd33b
ENSMUSG00000030084,339.28,1.2,0.22,5.54, 3.0e-08, 1.4e-07,Plxna1
ENSMUSG00000026479,119.92,2.86,0.25,11.44, 2.7e-30, 8.0e-29,Lamc2
ENSMUSG00000049152,1654.69,-2.37,0.17,-14.22, 7.2e-46, 5.5e-44,Ugt3a1
ENSMUSG00000039958,898.57,-1.25,0.2,-6.16, 7.3e-10, 4.1e-09,Etfbkmt
ENSMUSG00000024975,1347.76,-1.4,0.16,-8.74, 2.3e-18, 2.7e-17,Pdcd4
ENSMUSG00000031557,212.37,1.68,0.14,11.82, 3.1e-32, 1.0e-30,Plekha2
ENSMUSG00000022440,111.1,3.03,0.18,16.5, 3.6e-61, 6.2e-59,C1qtnf6
ENSMUSG00000025969,281.33,-1.07,0.16,-6.56, 5.4e-11, 3.5e-10,Nrp2
ENSMUSG00000026669,1376.31,-2.09,0.25,-8.25, 1.6e-16, 1.7e-15,Mcm10
ENSMUSG00000027869,827.62,-1.56,0.17,-8.93, 4.2e-19, 5.3e-18,Hsd3b6
ENSMUSG00000027016,338.15,-1.29,0.16,-8.03, 9.5e-16, 9.3e-15,Zfp385b
ENSMUSG00000031958,2411.21,-1.4,0.19,-7.41, 1.3e-13, 1.1e-12,Ldhd
ENSMUSG00000042745,619.51,2.06,0.28,7.29, 3.1e-13, 2.5e-12,Id1
ENSMUSG00000031659,176.67,2.1,0.15,14.26, 3.7e-46, 2.9e-44,Adcy7
ENSMUSG00000070576,378.42,-1.41,0.2,-6.93, 4.1e-12, 3.0e-11,Mn1
ENSMUSG00000019539,294.43,1.24,0.16,7.57, 3.7e-14, 3.2e-13,Rcn3
ENSMUSG00000017446,494.28,1.15,0.14,8.29, 1.1e-16, 1.1e-15,C1qtnf1
ENSMUSG00000043671,266.13,-1.38,0.25,-5.6, 2.2e-08, 1.0e-07,Dpy19l3
ENSMUSG00000029366,150.37,1.03,0.15,6.97, 3.2e-12, 2.3e-11,Dck
ENSMUSG00000051506,137.77,1.48,0.15,9.64, 5.4e-22, 8.8e-21,Wdfy4
ENSMUSG00000020902,406.15,1.07,0.2,5.22, 1.8e-07, 7.7e-07,Ntn1
ENSMUSG00000029458,2799.03,-1.07,0.09,-11.43, 3.1e-30, 9.1e-29,Brap
ENSMUSG00000033720,543.71,-1,0.18,-5.57, 2.5e-08, 1.2e-07,Sfxn5
ENSMUSG00000025780,917.28,1.28,0.28,4.59, 4.3e-06, 1.5e-05,Itih5
ENSMUSG00000003038,748.15,1.1,0.14,7.87, 3.7e-15, 3.4e-14,Hmgn2
ENSMUSG00000027009,138.05,1.12,0.17,6.72, 1.9e-11, 1.2e-10,Itga4
ENSMUSG00000032849,354.6,3.94,0.26,15.15, 7.6e-52, 7.9e-50,Abcc4
ENSMUSG00000024426,254.67,-1.21,0.1,-12.18, 3.9e-34, 1.5e-32,Atat1
ENSMUSG00000031561,272.84,-1.35,0.31,-4.32, 1.6e-05, 5.0e-05,Tenm3
ENSMUSG00000036594,1625.51,1.48,0.2,7.53, 5.2e-14, 4.4e-13,H2-Aa
ENSMUSG00000037583,1133.72,-2.15,0.31,-6.97, 3.2e-12, 2.3e-11,Nr0b2
ENSMUSG00000020473,173.1,2.24,0.22,10.08, 6.7e-24, 1.3e-22,Aebp1
ENSMUSG00000022040,17291.74,-1.7,0.12,-14.15, 1.9e-45, 1.4e-43,Ephx2
ENSMUSG00000024743,133.42,1.63,0.23,7.21, 5.7e-13, 4.4e-12,Syt7
ENSMUSG00000017009,6347.74,-1.09,0.12,-8.88, 6.7e-19, 8.4e-18,Sdc4
ENSMUSG00000044122,122.46,-1.41,0.21,-6.75, 1.5e-11, 1.0e-10,Proca1
ENSMUSG00000022074,92.75,5.61,0.39,14.45, 2.4e-47, 2.0e-45,Tnfrsf10b
ENSMUSG00000024737,143,1.69,0.21,7.85, 4.1e-15, 3.8e-14,Slc15a3
ENSMUSG00000070594,6775.02,-1.27,0.17,-7.26, 3.8e-13, 3.0e-12,Cfhr4
ENSMUSG00000048856,14593.06,-1.15,0.23,-4.97, 6.6e-07, 2.6e-06,Slc25a47
ENSMUSG00000002900,487.33,1.62,0.19,8.71, 3.1e-18, 3.7e-17,Lamb1
ENSMUSG00000030972,2377.93,-1.47,0.13,-11.06, 2.1e-28, 5.4e-27,Acsm5
ENSMUSG00000027315,112.85,2.51,0.26,9.61, 7.0e-22, 1.1e-20,Spint1
ENSMUSG00000021846,446.62,-1.04,0.1,-10.08, 6.6e-24, 1.2e-22,Peli2
ENSMUSG00000025479,90899.65,-2.8,0.26,-10.87, 1.6e-27, 4.0e-26,Cyp2e1
ENSMUSG00000020108,383.4,1.27,0.25,4.98, 6.4e-07, 2.5e-06,Ddit4
ENSMUSG00000009687,200.51,1.88,0.2,9.62, 6.3e-22, 1.0e-20,Fxyd5
ENSMUSG00000002233,586.27,1.77,0.18,9.64, 5.5e-22, 8.9e-21,Rhoc
ENSMUSG00000038456,138.34,1.03,0.18,5.78, 7.6e-09, 3.8e-08,Dennd2a
ENSMUSG00000047945,457.13,1.21,0.13,9.14, 6.4e-20, 8.7e-19,Marcksl1
ENSMUSG00000021365,239.6,1.95,0.21,9.32, 1.2e-20, 1.7e-19,Nedd9
ENSMUSG00000056973,13100.64,-1.28,0.19,-6.69, 2.3e-11, 1.5e-10,Ces1d
ENSMUSG00000038205,108.51,2.64,0.26,10.05, 9.5e-24, 1.8e-22,Prkab2
ENSMUSG00000020120,141.84,2.14,0.19,11.37, 6.1e-30, 1.8e-28,Plek
ENSMUSG00000078817,917.23,-1.38,0.2,-6.95, 3.5e-12, 2.6e-11,Nlrp12
ENSMUSG00000031138,3489.34,-1.01,0.11,-9.07, 1.1e-19, 1.5e-18,F9
ENSMUSG00000042770,4664.36,-1.02,0.17,-5.86, 4.7e-09, 2.4e-08,Hebp1
ENSMUSG00000025089,1982.76,-1.11,0.22,-5.03, 5.0e-07, 2.0e-06,Gfra1
ENSMUSG00000032898,2015.27,-1.58,0.16,-9.78, 1.4e-22, 2.5e-21,Fbxo21
ENSMUSG00000046841,165.94,1.84,0.16,11.4, 4.0e-30, 1.2e-28,Ckap4
ENSMUSG00000005054,1035.29,1.38,0.17,8.27, 1.4e-16, 1.5e-15,Cstb
ENSMUSG00000037826,1014.04,-1.54,0.16,-9.34, 9.6e-21, 1.4e-19,Ppm1k
ENSMUSG00000023947,106.63,1,0.12,8.53, 1.4e-17, 1.6e-16,Nfkbie
ENSMUSG00000026480,123.82,1.92,0.14,13.27, 3.3e-40, 1.7e-38,Ncf2
ENSMUSG00000071176,109.23,1.3,0.16,8.03, 9.6e-16, 9.4e-15,Arhgef10
ENSMUSG00000034786,129.51,1.16,0.17,6.7, 2.1e-11, 1.4e-10,Gpsm3
ENSMUSG00000043336,235.78,1.59,0.14,11.34, 8.7e-30, 2.5e-28,Filip1l
ENSMUSG00000042644,144.49,1.98,0.17,11.54, 8.4e-31, 2.6e-29,Itpr3
ENSMUSG00000009585,122.95,1.88,0.16,12.08, 1.4e-33, 5.1e-32,Apobec3
ENSMUSG00000029863,117.23,1.01,0.14,7.37, 1.7e-13, 1.4e-12,Casp2
ENSMUSG00000047617,417.39,-1.44,0.22,-6.5, 8.0e-11, 5.0e-10,Paxx
ENSMUSG00000027261,5362.74,-1.36,0.11,-11.86, 1.9e-32, 6.5e-31,Hao1
ENSMUSG00000073490,165.12,1.29,0.17,7.59, 3.2e-14, 2.8e-13,Ifi207
ENSMUSG00000026478,774.85,1.47,0.15,9.68, 3.7e-22, 6.2e-21,Lamc1
ENSMUSG00000011034,138.72,2.05,0.22,9.42, 4.6e-21, 6.9e-20,Slc5a1
ENSMUSG00000002020,226.11,3.98,0.32,12.52, 6.0e-36, 2.4e-34,Ltbp2
ENSMUSG00000030935,950.25,-1.07,0.2,-5.29, 1.2e-07, 5.3e-07,Acsm3
ENSMUSG00000022673,173.4,1.36,0.21,6.43, 1.2e-10, 7.7e-10,Mcm4
ENSMUSG00000041219,186.07,2.01,0.2,10.01, 1.3e-23, 2.4e-22,Arhgap11a
ENSMUSG00000036585,1346.51,-1.44,0.13,-11.1, 1.3e-28, 3.5e-27,Fgf1
ENSMUSG00000030095,380.51,1.89,0.13,14.12, 3.0e-45, 2.2e-43,Tmem43
ENSMUSG00000032431,244.09,1.24,0.13,9.26, 2.0e-20, 2.9e-19,Crtap
ENSMUSG00000019979,120.75,2.17,0.19,11.57, 6.1e-31, 1.9e-29,Apaf1
ENSMUSG00000033530,412.79,-1.36,0.12,-10.9, 1.1e-27, 2.7e-26,Ttc7b
ENSMUSG00000030302,157.52,1.89,0.25,7.5, 6.3e-14, 5.3e-13,Atp2b2
ENSMUSG00000020520,234.5,1.25,0.11,10.93, 8.0e-28, 2.0e-26,Galnt10
ENSMUSG00000079017,140.77,1.48,0.24,6.29, 3.2e-10, 1.9e-09,Ifi27l2a
ENSMUSG00000026874,15306.75,-1.23,0.16,-7.83, 4.8e-15, 4.4e-14,Hc
ENSMUSG00000031004,294.05,2.33,0.33,7.04, 1.9e-12, 1.4e-11,Mki67
ENSMUSG00000025153,15470.9,-1.2,0.4,-2.99, 2.8e-03, 6.3e-03,Fasn
ENSMUSG00000033022,7666.84,-1.46,0.2,-7.31, 2.6e-13, 2.1e-12,Cdo1
ENSMUSG00000010067,248.95,1.52,0.15,9.92, 3.4e-23, 6.0e-22,Rassf1
ENSMUSG00000025351,2074.24,4.87,0.23,20.99, 8.5e-98, 9.0e-95,Cd63
ENSMUSG00000028173,205.9,1.76,0.14,12.67, 9.1e-37, 3.8e-35,Wls
ENSMUSG00000026355,341.82,2.64,0.26,10.23, 1.4e-24, 2.8e-23,Mcm6
ENSMUSG00000003348,177.82,1.36,0.12,11.79, 4.5e-32, 1.5e-30,Mob3a
ENSMUSG00000021256,102.7,1.59,0.14,11.02, 3.1e-28, 8.0e-27,Vash1
ENSMUSG00000063838,156.63,1.4,0.28,4.99, 6.0e-07, 2.4e-06,Cdc42ep5
ENSMUSG00000039809,292.05,-1.15,0.32,-3.61, 3.1e-04, 8.1e-04,Gabbr2
ENSMUSG00000033149,1235.53,1.18,0.17,7, 2.6e-12, 1.9e-11,Phldb2
ENSMUSG00000008136,97.54,4.34,0.24,17.94, 5.3e-72, 1.5e-69,Fhl2
ENSMUSG00000034463,587.44,3.27,0.24,13.76, 4.4e-43, 2.8e-41,Scara3
ENSMUSG00000001663,4891.82,-1.09,0.12,-8.76, 2.0e-18, 2.4e-17,Gstt1
ENSMUSG00000019577,561.41,2.15,0.44,4.94, 7.9e-07, 3.0e-06,Pdk4
ENSMUSG00000029718,387.18,1.53,0.16,9.74, 2.0e-22, 3.4e-21,Pcolce
ENSMUSG00000072664,5501.22,-1.77,0.13,-13.72, 7.5e-43, 4.7e-41,Ugt3a2
ENSMUSG00000028581,1537.65,1.73,0.15,11.3, 1.3e-29, 3.6e-28,Laptm5
ENSMUSG00000034684,237.8,1.38,0.13,10.97, 5.6e-28, 1.4e-26,Sema3f
ENSMUSG00000030022,113.04,2.01,0.21,9.56, 1.2e-21, 1.9e-20,Adamts9
ENSMUSG00000078249,622.99,1.09,0.14,7.82, 5.2e-15, 4.8e-14,Hmga1b
ENSMUSG00000026368,3367.19,-1.05,0.12,-8.75, 2.2e-18, 2.6e-17,F13b
ENSMUSG00000039158,103.77,1.46,0.16,8.96, 3.3e-19, 4.2e-18,Akna
ENSMUSG00000026821,105.24,1.83,0.21,8.79, 1.5e-18, 1.8e-17,Ralgds
ENSMUSG00000027322,122.85,1.25,0.29,4.31, 1.6e-05, 5.3e-05,Siglec1
ENSMUSG00000027160,146.08,1.92,0.29,6.64, 3.2e-11, 2.1e-10,Ccdc34
ENSMUSG00000022816,695.09,2.98,0.17,17.21, 2.1e-66, 4.9e-64,Fstl1
ENSMUSG00000056124,224.24,3.04,0.2,15.16, 6.8e-52, 7.1e-50,B4galt6
ENSMUSG00000026797,108.76,1.05,0.14,7.46, 8.6e-14, 7.2e-13,Stxbp1
ENSMUSG00000007097,151.23,1.92,0.4,4.77, 1.8e-06, 6.6e-06,Atp1a2
ENSMUSG00000031167,1274.73,1.33,0.23,5.79, 7.0e-09, 3.5e-08,Rbm3
ENSMUSG00000040723,227.01,1.23,0.13,9.65, 4.8e-22, 7.8e-21,Rcsd1
ENSMUSG00000018398,189.77,1.48,0.11,13.16, 1.6e-39, 7.6e-38,Septin8
ENSMUSG00000041577,1770.89,1.15,0.16,7.11, 1.2e-12, 8.9e-12,Prelp
ENSMUSG00000019883,354.03,-1.09,0.27,-3.95, 7.7e-05, 2.2e-04,Echdc1
ENSMUSG00000020009,625.15,1.17,0.11,10.92, 9.1e-28, 2.2e-26,Ifngr1
ENSMUSG00000042251,1899.06,-1.25,0.15,-8.27, 1.3e-16, 1.4e-15,Pm20d1
ENSMUSG00000052302,219.61,-1.39,0.25,-5.59, 2.2e-08, 1.0e-07,Tbc1d30
ENSMUSG00000037306,123.73,1.71,0.14,12.02, 2.7e-33, 9.7e-32,Man1c1
ENSMUSG00000011884,192.68,1.88,0.14,13.58, 5.4e-42, 3.2e-40,Gltp
ENSMUSG00000005413,448.1,1.61,0.15,10.99, 4.1e-28, 1.1e-26,Hmox1
ENSMUSG00000031309,89.14,1.16,0.32,3.65, 2.6e-04, 6.9e-04,Rps6ka3
ENSMUSG00000063590,1418.51,-2.39,0.15,-16, 1.2e-57, 1.8e-55,Slc22a28
ENSMUSG00000046722,818.5,1.37,0.1,13.81, 2.1e-43, 1.3e-41,Cdc42se1
ENSMUSG00000072849,169359.78,-1.93,0.15,-12.72, 4.6e-37, 2.0e-35,Serpina1e
ENSMUSG00000042248,6829.27,-2.34,0.21,-11.02, 3.1e-28, 8.1e-27,Cyp2c37
ENSMUSG00000034220,552.03,1.27,0.16,8.16, 3.2e-16, 3.3e-15,Gpc1
ENSMUSG00000070047,1114.5,1.06,0.25,4.18, 2.9e-05, 9.0e-05,Fat1
ENSMUSG00000017453,5187.94,-1.04,0.13,-8.08, 6.7e-16, 6.6e-15,Pipox
ENSMUSG00000026981,116.97,2.68,0.25,10.77, 4.6e-27, 1.1e-25,Il1rn
ENSMUSG00000112023,122.51,1.47,0.18,8.17, 3.1e-16, 3.2e-15,Lilrb4b
ENSMUSG00000019975,141.25,1.43,0.15,9.58, 9.4e-22, 1.5e-20,Ikbip
ENSMUSG00000015340,393.26,1.78,0.2,8.76, 1.9e-18, 2.4e-17,Cybb
ENSMUSG00000046070,1746.05,-1.29,0.17,-7.45, 9.1e-14, 7.6e-13,Igfals
ENSMUSG00000034780,451.62,-1.28,0.23,-5.63, 1.8e-08, 8.5e-08,B3galt1
ENSMUSG00000038775,107.66,2.33,0.22,10.66, 1.6e-26, 3.7e-25,Vill
ENSMUSG00000021943,539.72,1.78,0.19,9.49, 2.4e-21, 3.7e-20,Gdf10
ENSMUSG00000025405,1591.17,-1.21,0.22,-5.48, 4.3e-08, 1.9e-07,Inhbc
ENSMUSG00000029695,5547.12,-1.13,0.12,-9.21, 3.3e-20, 4.6e-19,Aass
ENSMUSG00000024694,4225.48,-1.95,0.24,-8.2, 2.5e-16, 2.5e-15,Keg1
ENSMUSG00000043418,117.3,-2.04,0.19,-10.72, 7.8e-27, 1.8e-25,Lrit2
ENSMUSG00000035439,161.02,1.91,0.16,11.74, 7.7e-32, 2.5e-30,Haus8
ENSMUSG00000030409,736.38,1.41,0.14,10.35, 4.3e-25, 8.8e-24,Dmpk
ENSMUSG00000018217,154.15,1,0.16,6.32, 2.7e-10, 1.6e-09,Pmp22
ENSMUSG00000056666,10318.99,-1.11,0.18,-6.19, 6.0e-10, 3.4e-09,Retsat
ENSMUSG00000030789,113.99,3.66,0.19,19.04, 7.5e-81, 3.5e-78,Itgax
ENSMUSG00000032085,555.47,1.29,0.36,3.61, 3.0e-04, 8.0e-04,Tagln
ENSMUSG00000022346,394.43,1.47,0.37,3.98, 6.9e-05, 2.0e-04,Myc
ENSMUSG00000021451,100.14,2.7,0.2,13.21, 7.8e-40, 3.9e-38,Sema4d
ENSMUSG00000017754,1514.24,-1.3,0.23,-5.77, 7.9e-09, 3.9e-08,Pltp
ENSMUSG00000027004,153.36,3.36,0.16,21.15, 2.9e-99, 3.4e-96,Frzb
ENSMUSG00000075602,411.38,1.27,0.19,6.62, 3.6e-11, 2.4e-10,Ly6a
ENSMUSG00000022947,217.03,3.13,0.32,9.67, 4.0e-22, 6.6e-21,Cbr3
ENSMUSG00000017631,216.09,1.78,0.17,10.46, 1.3e-25, 2.8e-24,Abr
ENSMUSG00000027435,277.53,2.02,0.15,13.6, 3.9e-42, 2.3e-40,Cd93
ENSMUSG00000050730,985.52,-1.13,0.2,-5.6, 2.1e-08, 9.9e-08,Arhgap42
ENSMUSG00000028278,98.43,1.84,0.19,9.42, 4.3e-21, 6.5e-20,Rragd
ENSMUSG00000038740,109.64,1.42,0.15,9.53, 1.6e-21, 2.5e-20,Mvb12b
ENSMUSG00000027375,116.15,3.27,0.3,10.95, 6.5e-28, 1.6e-26,Mal
ENSMUSG00000070348,3400.86,2.67,0.13,21.34,5.3e-101, 1.0e-97,Ccnd1
ENSMUSG00000015568,2639.96,2.49,0.22,11.07, 1.8e-28, 4.7e-27,Lpl
ENSMUSG00000021364,12936.99,-1.11,0.13,-8.5, 1.9e-17, 2.1e-16,Elovl2
ENSMUSG00000025197,7669.89,-1.67,0.16,-10.65, 1.7e-26, 3.8e-25,Cyp2c23
ENSMUSG00000019850,116.64,1.94,0.19,10.05, 9.0e-24, 1.7e-22,Tnfaip3
ENSMUSG00000023243,837.4,-1.48,0.21,-7.06, 1.7e-12, 1.3e-11,Kcnk5
ENSMUSG00000027737,624.91,2.44,0.21,11.55, 7.3e-31, 2.3e-29,Slc7a11
ENSMUSG00000056665,127.02,1.25,0.14,8.64, 5.5e-18, 6.5e-17,Them6
ENSMUSG00000029174,119.08,1.37,0.24,5.71, 1.1e-08, 5.4e-08,Tbc1d1
ENSMUSG00000038370,172.21,-1.04,0.27,-3.9, 9.8e-05, 2.8e-04,Pcp4l1
ENSMUSG00000031642,115.9,1.01,0.15,6.76, 1.4e-11, 9.4e-11,Sh3rf1
ENSMUSG00000028167,315.94,-1.03,0.23,-4.57, 4.8e-06, 1.7e-05,Bdh2
ENSMUSG00000020649,226.79,1.18,0.29,4.12, 3.7e-05, 1.1e-04,Rrm2
ENSMUSG00000026107,493.23,1.25,0.15,8.15, 3.7e-16, 3.7e-15,Nabp1
ENSMUSG00000074622,1325.74,-1.48,0.22,-6.73, 1.7e-11, 1.1e-10,Mafb
ENSMUSG00000038092,1601.28,-8.15,0.54,-15.19, 3.9e-52, 4.2e-50,Hsd3b5
ENSMUSG00000060586,1439.22,1.45,0.19,7.62, 2.6e-14, 2.2e-13,H2-Eb1
ENSMUSG00000031375,2596.63,1.63,0.2,8.23, 1.8e-16, 1.9e-15,Bgn
ENSMUSG00000024610,3832.49,1.45,0.18,7.97, 1.5e-15, 1.5e-14,Cd74
ENSMUSG00000039653,5404.72,-1.49,0.15,-10.07, 7.4e-24, 1.4e-22,Baat
ENSMUSG00000021186,288.26,1.14,0.2,5.7, 1.2e-08, 5.7e-08,Fbln5
ENSMUSG00000038526,603.4,-1.24,0.18,-6.95, 3.8e-12, 2.7e-11,Car14
ENSMUSG00000038754,2134.61,-8.06,0.45,-17.84, 3.7e-71, 9.2e-69,Elovl3
ENSMUSG00000034595,233.18,1.88,0.13,14.02, 1.2e-44, 8.3e-43,Ppp1r18
ENSMUSG00000038936,96.37,1.89,0.18,10.57, 4.2e-26, 9.1e-25,Sccpdh
ENSMUSG00000034342,84.61,1.42,0.46,3.12, 1.8e-03, 4.1e-03,Cbl
ENSMUSG00000064267,97.73,1.14,0.14,7.89, 3.1e-15, 2.9e-14,Hvcn1
ENSMUSG00000020381,199.77,-1.05,0.21,-5.02, 5.1e-07, 2.0e-06,Mrnip
ENSMUSG00000015094,286.13,2.47,0.17,14.45, 2.4e-47, 2.0e-45,Npdc1
ENSMUSG00000031400,316.29,1.81,0.26,7.03, 2.1e-12, 1.5e-11,G6pdx
ENSMUSG00000019232,2918.53,-1.8,0.22,-8.39, 4.9e-17, 5.3e-16,Etnppl
ENSMUSG00000048218,137.72,-1.17,0.17,-6.97, 3.2e-12, 2.3e-11,Amigo2
ENSMUSG00000040963,5414.89,-1.2,0.18,-6.78, 1.2e-11, 8.5e-11,Asgr2
ENSMUSG00000039621,216.88,1.03,0.14,7.22, 5.3e-13, 4.1e-12,Prex1
ENSMUSG00000026819,5873.8,-1.25,0.21,-5.95, 2.7e-09, 1.4e-08,Slc25a25
ENSMUSG00000032577,172.95,1.08,0.19,5.67, 1.4e-08, 6.8e-08,Mapkapk3
ENSMUSG00000016946,156.48,1.09,0.11,9.57, 1.1e-21, 1.7e-20,Kctd5
ENSMUSG00000043687,150.77,-1.04,0.26,-4.03, 5.7e-05, 1.7e-04,1190005I06Rik
ENSMUSG00000052911,390.23,1.15,0.14,7.97, 1.6e-15, 1.6e-14,Lamb2
ENSMUSG00000023913,156.62,1.71,0.19,8.98, 2.8e-19, 3.6e-18,Pla2g7
ENSMUSG00000003477,13899.9,-1.63,0.39,-4.15, 3.3e-05, 1.0e-04,Inmt
ENSMUSG00000050721,200.16,1.5,0.15,9.87, 5.6e-23, 9.9e-22,Plekho2
ENSMUSG00000052160,193.07,1.3,0.15,8.46, 2.8e-17, 3.1e-16,Pld4
ENSMUSG00000021779,684.6,-1.31,0.14,-9.25, 2.2e-20, 3.0e-19,Thrb
ENSMUSG00000027030,100.8,1.49,0.13,11.05, 2.3e-28, 6.0e-27,Stk39
ENSMUSG00000046402,1157.71,3.21,0.23,13.91, 5.2e-44, 3.5e-42,Rbp1
ENSMUSG00000000782,149.67,1.02,0.16,6.45, 1.2e-10, 7.1e-10,Tcf7
ENSMUSG00000026678,115.28,1.67,0.28,5.94, 2.8e-09, 1.5e-08,Rgs5
ENSMUSG00000026664,12454.48,-1.49,0.11,-13.14, 1.9e-39, 9.1e-38,Phyh
ENSMUSG00000041119,442.96,-1.37,0.24,-5.78, 7.5e-09, 3.7e-08,Pde9a
ENSMUSG00000036905,241,1.52,0.18,8.61, 7.2e-18, 8.4e-17,C1qb
ENSMUSG00000022371,1383.15,1.05,0.18,5.99, 2.1e-09, 1.1e-08,Col14a1
ENSMUSG00000028479,3860.55,-1.2,0.12,-9.66, 4.4e-22, 7.2e-21,Gne
ENSMUSG00000019899,181.45,2.8,0.23,12, 3.4e-33, 1.2e-31,Lama2
ENSMUSG00000021418,180.16,-1.42,0.12,-11.4, 4.2e-30, 1.2e-28,Rpp40
ENSMUSG00000047496,495.98,-1.68,0.19,-8.89, 6.2e-19, 7.8e-18,Rnf152
ENSMUSG00000030834,3667.92,-1.46,0.18,-7.99, 1.4e-15, 1.3e-14,Abcc6
ENSMUSG00000041237,7030.94,-1.65,0.18,-8.98, 2.6e-19, 3.4e-18,Pklr
ENSMUSG00000028185,471.45,-1.45,0.14,-10.43, 1.7e-25, 3.7e-24,Dnase2b
ENSMUSG00000022043,194.82,1.89,0.18,10.77, 4.9e-27, 1.1e-25,Trim35
ENSMUSG00000050423,457.06,-3.45,0.64,-5.39, 7.1e-08, 3.1e-07,Ppp1r3g
ENSMUSG00000034205,298.2,2.78,0.19,14.88, 4.2e-50, 4.0e-48,Loxl2
ENSMUSG00000028186,39266.36,-1.35,0.2,-6.76, 1.4e-11, 9.4e-11,Uox
ENSMUSG00000030536,652.62,2.19,0.17,12.98, 1.5e-38, 7.1e-37,Iqgap1
ENSMUSG00000025396,5303.72,-1.29,0.23,-5.67, 1.4e-08, 6.8e-08,Hsd17b6
ENSMUSG00000035561,2666.18,1.85,0.22,8.58, 9.9e-18, 1.1e-16,Aldh1b1
ENSMUSG00000037148,110.96,1.17,0.17,6.91, 5.0e-12, 3.5e-11,Arhgap10
ENSMUSG00000023992,122.53,4.8,0.32,15.12, 1.3e-51, 1.3e-49,Trem2
ENSMUSG00000091337,302.35,1.45,0.12,12.2, 3.2e-34, 1.2e-32,Eid1
ENSMUSG00000035948,164.52,-1.75,0.44,-4, 6.4e-05, 1.9e-04,Acss3
ENSMUSG00000028019,250.1,1.83,0.26,7.12, 1.1e-12, 8.1e-12,Pdgfc
ENSMUSG00000021210,19019,-1.08,0.15,-7.16, 7.8e-13, 6.0e-12,Akr1c6
ENSMUSG00000057037,2800.35,-1.7,0.16,-10.6, 3.1e-26, 6.8e-25,Cfhr1
ENSMUSG00000029096,144.74,1.26,0.26,4.82, 1.4e-06, 5.4e-06,Htra3
ENSMUSG00000059481,46049.1,-1.02,0.12,-8.6, 8.0e-18, 9.3e-17,Plg
ENSMUSG00000039745,1690.49,1.19,0.2,5.96, 2.5e-09, 1.3e-08,Htatip2
ENSMUSG00000037902,764.84,1.95,0.13,14.46, 2.2e-47, 1.9e-45,Sirpa
ENSMUSG00000021262,120.81,1.89,0.15,12.52, 5.6e-36, 2.3e-34,Evl
ENSMUSG00000037907,129.23,1.07,0.11,9.38, 6.6e-21, 9.7e-20,Ankrd13b
ENSMUSG00000040312,126.74,1.21,0.16,7.77, 8.1e-15, 7.3e-14,Cchcr1
ENSMUSG00000040147,3424.12,-1.09,0.13,-8.36, 6.4e-17, 6.9e-16,Maob
ENSMUSG00000032808,927.82,-1.32,0.33,-4, 6.2e-05, 1.8e-04,Cyp2c38
ENSMUSG00000022419,1667.13,-1.04,0.16,-6.42, 1.3e-10, 8.3e-10,Deptor
ENSMUSG00000062127,170.3,1.54,0.19,8.08, 6.6e-16, 6.5e-15,Cttnbp2nl
ENSMUSG00000020593,3465.6,-1.65,0.3,-5.51, 3.6e-08, 1.6e-07,Lpin1
ENSMUSG00000005089,1638.82,-8.95,0.33,-27.17,1.3e-162,1.3e-158,Slc1a2
ENSMUSG00000049303,92.67,2.68,0.21,12.95, 2.3e-38, 1.0e-36,Syt12
ENSMUSG00000026566,155.01,1.08,0.2,5.39, 6.9e-08, 3.0e-07,Mpzl1
ENSMUSG00000050989,148.67,2.21,0.16,14.08, 4.8e-45, 3.4e-43,Selenon
ENSMUSG00000005583,108.26,1.57,0.17,9.31, 1.3e-20, 1.8e-19,Mef2c
ENSMUSG00000031765,1334.53,3.57,0.53,6.78, 1.2e-11, 8.1e-11,Mt1
ENSMUSG00000027947,419.29,-1.27,0.24,-5.32, 1.1e-07, 4.6e-07,Il6ra
ENSMUSG00000015711,640.2,1.34,0.13,10.14, 3.9e-24, 7.4e-23,Prune1
ENSMUSG00000002699,112.34,1.2,0.18,6.78, 1.2e-11, 8.4e-11,Lcp2
ENSMUSG00000025007,95.34,2.96,0.21,14.1, 3.9e-45, 2.8e-43,Aldh18a1
ENSMUSG00000018143,541.03,1,0.17,6.03, 1.6e-09, 8.8e-09,Mafk
ENSMUSG00000026547,394.63,2.42,0.15,16.36, 3.5e-60, 5.9e-58,Tagln2
ENSMUSG00000000753,11275.24,-1.02,0.17,-5.88, 4.0e-09, 2.1e-08,Serpinf1
ENSMUSG00000038641,2658.36,-1.01,0.22,-4.61, 4.1e-06, 1.4e-05,Akr1d1
ENSMUSG00000023277,141.01,1.95,0.15,13.05, 6.4e-39, 3.0e-37,Twf2
ENSMUSG00000039384,178.94,1.48,0.18,8.01, 1.1e-15, 1.1e-14,Dusp10
ENSMUSG00000006494,1618.71,-1.59,0.17,-9.32, 1.2e-20, 1.7e-19,Pdk1
ENSMUSG00000030787,184.96,1.31,0.29,4.56, 5.0e-06, 1.7e-05,Lyve1
ENSMUSG00000066894,125.35,2.32,0.2,11.62, 3.1e-31, 9.8e-30,Vsig10
ENSMUSG00000021208,652.77,3.23,0.29,11.06, 2.0e-28, 5.2e-27,Ifi27l2b
ENSMUSG00000040536,749.84,-1.15,0.16,-7.37, 1.8e-13, 1.4e-12,Necab1
ENSMUSG00000000682,184.73,1.56,0.19,8.09, 5.8e-16, 5.8e-15,Cd52
ENSMUSG00000054385,2050.98,-1.18,0.1,-11.64, 2.5e-31, 8.0e-30,Ceacam2
ENSMUSG00000026657,189.63,1.11,0.17,6.54, 6.0e-11, 3.8e-10,Frmd4a
ENSMUSG00000042249,156.47,2.05,0.19,10.69, 1.1e-26, 2.5e-25,Grk3
ENSMUSG00000033685,1323.88,1.65,0.14,12, 3.5e-33, 1.3e-31,Ucp2
ENSMUSG00000026103,212.06,1.74,0.12,13.97, 2.4e-44, 1.7e-42,Gls
ENSMUSG00000041132,547.69,-1.33,0.22,-6.01, 1.9e-09, 9.9e-09,N4bp2l1
ENSMUSG00000022883,256.59,2.12,0.24,8.89, 6.1e-19, 7.8e-18,Robo1
ENSMUSG00000029484,224.71,2.52,0.19,13.28, 3.2e-40, 1.7e-38,Anxa3
ENSMUSG00000075254,146.11,1.34,0.25,5.4, 6.8e-08, 3.0e-07,Heg1
ENSMUSG00000000530,126.68,1.27,0.14,9.32, 1.2e-20, 1.7e-19,Acvrl1
ENSMUSG00000058070,132.11,1.92,0.19,10.28, 8.4e-25, 1.7e-23,Eml1
ENSMUSG00000048865,149.42,1.25,0.14,9.14, 6.1e-20, 8.3e-19,Arhgap30
ENSMUSG00000029687,140.59,1.03,0.15,6.97, 3.3e-12, 2.4e-11,Ezh2
ENSMUSG00000062410,3991.88,-1.53,0.17,-9.1, 8.8e-20, 1.2e-18,Hsd3b3
ENSMUSG00000027556,119.66,-1.26,0.35,-3.65, 2.6e-04, 7.1e-04,Car1
ENSMUSG00000024736,113.86,1.94,0.15,12.7, 5.8e-37, 2.5e-35,Tmem132a
ENSMUSG00000037887,117.36,2.38,0.28,8.56, 1.1e-17, 1.3e-16,Dusp8
ENSMUSG00000062825,2423.71,1.19,0.15,8.08, 6.3e-16, 6.2e-15,Actg1
ENSMUSG00000079523,1416.64,2.55,0.26,9.75, 1.9e-22, 3.3e-21,Tmsb10
ENSMUSG00000054052,2025.97,-1.11,0.15,-7.28, 3.3e-13, 2.7e-12,Rdh19
ENSMUSG00000027605,5159.58,-1.22,0.29,-4.17, 3.0e-05, 9.3e-05,Acss2
ENSMUSG00000015085,166.35,1.52,0.17,8.96, 3.2e-19, 4.2e-18,Entpd2
ENSMUSG00000023067,1175.25,5.47,0.42,13.03, 7.9e-39, 3.7e-37,Cdkn1a
ENSMUSG00000030157,1883.14,-1.05,0.21,-4.9, 9.7e-07, 3.7e-06,Clec2d
ENSMUSG00000005087,283.25,1.98,0.19,10.26, 1.1e-24, 2.2e-23,Cd44
ENSMUSG00000070056,593.08,-1.3,0.13,-9.83, 8.6e-23, 1.5e-21,Mfhas1
ENSMUSG00000013236,267.46,1.39,0.13,10.33, 5.3e-25, 1.1e-23,Ptprs
ENSMUSG00000067889,1808.24,-1.13,0.17,-6.5, 8.3e-11, 5.2e-10,Sptbn2
ENSMUSG00000020672,109.97,-2.31,0.23,-9.95, 2.5e-23, 4.6e-22,Sntg2
ENSMUSG00000104445,212.61,-1.39,0.22,-6.48, 9.2e-11, 5.8e-10,Rhbg
ENSMUSG00000079343,2356.69,-1.01,0.13,-7.69, 1.4e-14, 1.3e-13,C1s2
ENSMUSG00000017969,118.32,1.81,0.21,8.68, 3.8e-18, 4.5e-17,Ptgis
ENSMUSG00000023176,6090.08,-1.21,0.18,-6.77, 1.3e-11, 9.0e-11,Cpn2
ENSMUSG00000024371,2006.91,-1.24,0.13,-9.64, 5.2e-22, 8.5e-21,C2
ENSMUSG00000033871,116.23,-1.03,0.18,-5.59, 2.2e-08, 1.0e-07,Ppargc1b
ENSMUSG00000027907,813.99,3.62,0.21,17.07, 2.6e-65, 5.8e-63,S100a11
ENSMUSG00000021884,5400.23,-1.29,0.16,-8.16, 3.3e-16, 3.3e-15,Hacl1
ENSMUSG00000014303,129.42,2.12,0.19,11.26, 2.1e-29, 5.9e-28,Glis2
ENSMUSG00000027204,308.27,3.35,0.23,14.77, 2.4e-49, 2.2e-47,Fbn1
ENSMUSG00000039115,543.66,1.18,0.15,8.16, 3.3e-16, 3.3e-15,Itga9
ENSMUSG00000010307,430.69,1.58,0.21,7.53, 5.2e-14, 4.4e-13,Tmem86a
ENSMUSG00000027332,3002.97,-1.13,0.14,-7.86, 3.8e-15, 3.6e-14,Ivd
ENSMUSG00000027954,1573.05,-1.1,0.3,-3.7, 2.2e-04, 5.9e-04,Efna1
ENSMUSG00000015112,4060.92,-1.08,0.12,-9.02, 1.8e-19, 2.4e-18,Slc25a13
ENSMUSG00000024349,109.03,1.95,0.17,11.17, 5.8e-29, 1.6e-27,Sting1
ENSMUSG00000026728,1228.46,1.73,0.21,8.41, 4.1e-17, 4.5e-16,Vim
ENSMUSG00000039202,953.71,2.4,0.48,4.97, 6.6e-07, 2.6e-06,Abhd2
ENSMUSG00000009614,17674.21,-1.03,0.17,-6.1, 1.1e-09, 5.9e-09,Sardh
ENSMUSG00000023206,482.4,-1.28,0.19,-6.69, 2.2e-11, 1.5e-10,Il15ra
ENSMUSG00000005397,1343.17,3.54,0.21,16.6, 7.0e-62, 1.3e-59,Nid1
ENSMUSG00000000093,211.05,1.27,0.14,9.28, 1.7e-20, 2.4e-19,Tbx2
ENSMUSG00000032648,96.48,1.45,0.32,4.58, 4.7e-06, 1.6e-05,Pygm
ENSMUSG00000026822,1400.7,4.72,0.58,8.19, 2.6e-16, 2.6e-15,Lcn2
ENSMUSG00000025986,169.49,1.3,0.3,4.36, 1.3e-05, 4.2e-05,Slc39a10
ENSMUSG00000025991,47748.43,-1.14,0.28,-4.04, 5.3e-05, 1.6e-04,Cps1
ENSMUSG00000001763,225.21,-1.02,0.14,-7.46, 8.8e-14, 7.4e-13,Tspan33
ENSMUSG00000027762,561.06,-2.73,0.19,-14.38, 7.1e-47, 5.7e-45,Sucnr1
ENSMUSG00000028961,2005.16,1.4,0.12,11.83, 2.6e-32, 8.9e-31,Pgd
ENSMUSG00000056394,186.99,1.85,0.23,7.9, 2.8e-15, 2.6e-14,Lig1
ENSMUSG00000031845,266.82,1.77,0.15,11.96, 5.6e-33, 2.0e-31,Bco1
ENSMUSG00000000567,459.23,1.9,0.19,9.99, 1.7e-23, 3.1e-22,Sox9
ENSMUSG00000055538,2023.31,-1.11,0.13,-8.44, 3.1e-17, 3.4e-16,Zcchc24
ENSMUSG00000068877,11015.52,-2.2,0.26,-8.6, 7.7e-18, 9.0e-17,Selenbp2
ENSMUSG00000027784,133.8,-1.26,0.2,-6.21, 5.2e-10, 3.0e-09,Ppm1l
ENSMUSG00000095595,204.65,1.63,0.14,11.43, 3.1e-30, 9.1e-29,Fam177a
ENSMUSG00000031596,7413.13,-1.11,0.22,-5.09, 3.6e-07, 1.5e-06,Slc7a2
ENSMUSG00000029661,1428.48,3.39,0.22,15.1, 1.7e-51, 1.7e-49,Col1a2
ENSMUSG00000054717,235.39,1.1,0.19,5.79, 7.0e-09, 3.5e-08,Hmgb2
ENSMUSG00000034855,118.09,2.61,0.31,8.55, 1.2e-17, 1.4e-16,Cxcl10
ENSMUSG00000047420,114.8,2.43,0.24,10.03, 1.1e-23, 2.1e-22,Fam180a
ENSMUSG00000039953,153.47,1.77,0.25,6.95, 3.6e-12, 2.6e-11,Clstn1
ENSMUSG00000030579,266.53,1.5,0.19,8, 1.2e-15, 1.2e-14,Tyrobp
ENSMUSG00000032369,645.86,1.19,0.14,8.44, 3.3e-17, 3.6e-16,Plscr1
ENSMUSG00000032060,210.27,1.51,0.21,7.03, 2.0e-12, 1.5e-11,Cryab
ENSMUSG00000022679,349.27,-1.03,0.16,-6.53, 6.4e-11, 4.1e-10,Mpv17l
ENSMUSG00000025287,171.59,1.95,0.14,13.51, 1.3e-41, 7.6e-40,Acot9
ENSMUSG00000001473,510.45,2.21,0.17,13.06, 5.6e-39, 2.7e-37,Tubb6
ENSMUSG00000025175,289.68,-1.85,0.29,-6.38, 1.7e-10, 1.1e-09,Fn3k
ENSMUSG00000051790,163.15,1.46,0.15,9.76, 1.6e-22, 2.8e-21,Nlgn2
ENSMUSG00000001270,402.48,2.18,0.23,9.61, 7.3e-22, 1.2e-20,Ckb
ENSMUSG00000020773,271.44,1.49,0.15,9.59, 8.4e-22, 1.3e-20,Trim47
ENSMUSG00000018378,145.73,1.28,0.2,6.52, 7.0e-11, 4.4e-10,Cuedc1
ENSMUSG00000036083,972.92,-1.08,0.15,-7.13, 1.0e-12, 7.6e-12,Slc17a3
ENSMUSG00000042010,2765.98,-1.75,0.28,-6.16, 7.3e-10, 4.1e-09,Acacb
ENSMUSG00000032014,2377.73,-1.18,0.21,-5.62, 1.9e-08, 8.8e-08,Oaf
ENSMUSG00000032080,12558.69,3.17,0.18,17.26, 8.9e-67, 2.1e-64,Apoa4
ENSMUSG00000068086,27680.43,-2,0.19,-10.43, 1.9e-25, 3.9e-24,Cyp2d9
ENSMUSG00000094806,24702.17,-1.14,0.11,-10.26, 1.1e-24, 2.2e-23,Cyp2d10
ENSMUSG00000035780,4420.29,-1.75,0.13,-13.62, 3.1e-42, 1.9e-40,Ugt2a3
ENSMUSG00000030934,5649.12,-4.04,0.22,-18.52, 1.5e-76, 5.2e-74,Oat
ENSMUSG00000038976,511.13,1.88,0.12,15.31, 6.2e-53, 7.1e-51,Ppp1r9b
ENSMUSG00000019194,194.48,1.29,0.19,6.68, 2.4e-11, 1.6e-10,Scn1b
ENSMUSG00000029309,911.44,2.33,0.25,9.32, 1.1e-20, 1.6e-19,Sparcl1
ENSMUSG00000001025,149.78,2.88,0.4,7.17, 7.2e-13, 5.6e-12,S100a6
ENSMUSG00000021238,4733.17,-1.08,0.22,-4.94, 7.9e-07, 3.1e-06,Aldh6a1
ENSMUSG00000027712,2770.59,1.9,0.1,19.28, 7.3e-83, 4.4e-80,Anxa5
ENSMUSG00000015839,2479.59,1.04,0.15,7.07, 1.5e-12, 1.1e-11,Nfe2l2
ENSMUSG00000041293,144.94,-2.94,0.25,-11.69, 1.5e-31, 4.7e-30,Adgrf1
ENSMUSG00000048120,138,1.23,0.2,6.15, 7.6e-10, 4.2e-09,Entpd1
ENSMUSG00000018920,403.26,1.34,0.13,10.14, 3.6e-24, 6.9e-23,Cxcl16
ENSMUSG00000036718,101.55,1.26,0.17,7.27, 3.6e-13, 2.9e-12,Micall2
ENSMUSG00000027940,2037.1,1.02,0.11,9.46, 3.1e-21, 4.8e-20,Tpm3
ENSMUSG00000031767,7304.21,-2.75,0.24,-11.5, 1.2e-30, 3.8e-29,Nudt7
ENSMUSG00000036813,1549.03,-1.1,0.11,-10.05, 9.2e-24, 1.7e-22,Entpd8
ENSMUSG00000036545,305.18,1.93,0.19,10.13, 4.2e-24, 8.1e-23,Adamts2
ENSMUSG00000020143,118.17,1.7,0.17,10.26, 1.1e-24, 2.2e-23,Dock2
ENSMUSG00000033287,169.22,1.9,0.14,13.12, 2.4e-39, 1.2e-37,Kctd17
ENSMUSG00000055782,681.38,1.55,0.32,4.8, 1.6e-06, 5.9e-06,Abcd2
ENSMUSG00000017002,125.82,3.54,0.36,9.84, 7.9e-23, 1.4e-21,Slpi
ENSMUSG00000023034,368.55,-2.34,0.42,-5.58, 2.4e-08, 1.1e-07,Nr4a1
ENSMUSG00000030382,17418.54,-1.25,0.13,-9.93, 3.0e-23, 5.5e-22,Slc27a5
ENSMUSG00000045775,371.26,2.18,0.21,10.24, 1.3e-24, 2.5e-23,Slc16a5
ENSMUSG00000002059,263.88,1.06,0.12,8.51, 1.7e-17, 1.9e-16,Rab34
ENSMUSG00000031486,239.62,1.25,0.13,9.53, 1.6e-21, 2.4e-20,Adgra2
ENSMUSG00000017491,115.24,1.09,0.16,6.68, 2.5e-11, 1.6e-10,Rarb
ENSMUSG00000042712,583.43,1.58,0.21,7.42, 1.2e-13, 9.8e-13,Tceal9
ENSMUSG00000037649,104.65,1.26,0.21,6.11, 9.9e-10, 5.5e-09,H2-DMa
ENSMUSG00000029270,145.76,-1.38,0.18,-7.81, 5.7e-15, 5.2e-14,Dipk1a
ENSMUSG00000013698,741,1.57,0.12,12.75, 2.9e-37, 1.3e-35,Pea15a
ENSMUSG00000000686,596.85,-1.33,0.19,-6.81, 9.6e-12, 6.7e-11,Abhd15
ENSMUSG00000059325,814.67,-1.73,0.24,-7.12, 1.1e-12, 8.2e-12,Hopx
ENSMUSG00000025395,109.58,1.32,0.23,5.78, 7.4e-09, 3.7e-08,Prim1
ENSMUSG00000032294,1152.59,2.45,0.17,14.14, 2.1e-45, 1.5e-43,Pkm
ENSMUSG00000038855,123.71,1.01,0.29,3.54, 4.0e-04, 1.0e-03,Itpkb
ENSMUSG00000028603,88811.78,-1.23,0.09,-13.04, 6.9e-39, 3.3e-37,Scp2
ENSMUSG00000038742,163.18,-1.32,0.21,-6.25, 4.2e-10, 2.4e-09,Angptl6
ENSMUSG00000024292,4900.33,-1.45,0.17,-8.68, 3.9e-18, 4.6e-17,Cyp4f14
ENSMUSG00000022096,108.92,3.57,0.27,13.45, 3.0e-41, 1.7e-39,Hr
ENSMUSG00000004798,1369.9,-1.04,0.13,-7.91, 2.5e-15, 2.4e-14,Ulk2
ENSMUSG00000007041,621.87,1.12,0.12,9.17, 4.8e-20, 6.7e-19,Clic1
ENSMUSG00000026839,2755.69,-1.76,0.46,-3.79, 1.5e-04, 4.3e-04,Upp2
ENSMUSG00000072620,153.78,1.52,0.2,7.7, 1.3e-14, 1.2e-13,Slfn2
ENSMUSG00000022122,746.07,2.1,0.18,11.4, 4.0e-30, 1.2e-28,Ednrb
ENSMUSG00000037542,6492.52,-1.09,0.12,-8.93, 4.2e-19, 5.4e-18,Aldh8a1
ENSMUSG00000026043,3712.91,3.23,0.21,15.08, 2.2e-51, 2.2e-49,Col3a1
ENSMUSG00000075702,119.88,1.46,0.23,6.27, 3.6e-10, 2.1e-09,Selenom
ENSMUSG00000052713,100.57,1.43,0.2,7.21, 5.7e-13, 4.4e-12,Zfp608
ENSMUSG00000051343,115.41,2.45,0.19,13.21, 7.2e-40, 3.6e-38,Rab11fip5
ENSMUSG00000094559,3400.72,-1.29,0.13,-10.15, 3.2e-24, 6.2e-23,Cyp2d34
ENSMUSG00000026520,97.66,1.25,0.12,10.26, 1.1e-24, 2.2e-23,Pycr2
ENSMUSG00000021668,200.93,1.59,0.24,6.72, 1.9e-11, 1.2e-10,Polk
ENSMUSG00000046167,153.56,7.39,0.41,17.88, 1.8e-71, 4.7e-69,Gldn
ENSMUSG00000029561,197.28,1.56,0.16,10.01, 1.3e-23, 2.4e-22,Oasl2
ENSMUSG00000035493,1543.7,1.46,0.14,10.23, 1.4e-24, 2.8e-23,Tgfbi
ENSMUSG00000027613,1833.56,1.24,0.13,9.66, 4.3e-22, 7.0e-21,Eif6
ENSMUSG00000030137,230.88,2.14,0.23,9.18, 4.4e-20, 6.2e-19,Tuba8
ENSMUSG00000029445,34467.88,-1.35,0.21,-6.36, 2.0e-10, 1.2e-09,Hpd
ENSMUSG00000018381,137.81,1.04,0.11,9.74, 2.0e-22, 3.3e-21,Abi3
ENSMUSG00000023008,186.59,1.71,0.13,12.94, 2.7e-38, 1.2e-36,Fmnl3
ENSMUSG00000031173,9580.45,-1.39,0.17,-8.1, 5.4e-16, 5.3e-15,Otc
ENSMUSG00000047501,105.18,5.78,0.36,16.29, 1.1e-59, 1.8e-57,Cldn4
ENSMUSG00000032997,145.67,1.5,0.13,11.39, 4.5e-30, 1.3e-28,Chpf
ENSMUSG00000027801,3758.77,1.14,0.13,8.72, 2.8e-18, 3.3e-17,Tm4sf4
ENSMUSG00000031538,250.17,5.29,0.31,16.91, 4.1e-64, 8.4e-62,Plat
ENSMUSG00000041351,235.85,1.24,0.13,9.46, 3.1e-21, 4.7e-20,Rap1gap
ENSMUSG00000020914,154.73,2.3,0.35,6.55, 5.9e-11, 3.8e-10,Top2a
ENSMUSG00000057068,371.5,-1.32,0.3,-4.36, 1.3e-05, 4.2e-05,Fam47e
ENSMUSG00000019966,104.95,1.04,0.2,5.22, 1.8e-07, 7.6e-07,Kitl
ENSMUSG00000001525,597.25,1.2,0.18,6.8, 1.0e-11, 7.0e-11,Tubb5
ENSMUSG00000066153,12966.86,-3.31,0.23,-14.44, 2.7e-47, 2.2e-45,Mup21
ENSMUSG00000036775,3830.19,-1.26,0.13,-10.01, 1.4e-23, 2.5e-22,Decr2
ENSMUSG00000053411,232.94,-1.02,0.12,-8.38, 5.2e-17, 5.6e-16,Cbx7
ENSMUSG00000041261,1809.39,-1.16,0.1,-11.97, 5.2e-33, 1.8e-31,Car8
ENSMUSG00000022180,152.79,1.85,0.16,11.39, 4.5e-30, 1.3e-28,Slc7a8
ENSMUSG00000042271,552.75,-1.1,0.13,-8.35, 6.6e-17, 7.1e-16,Nxt2
ENSMUSG00000021838,197.04,1.88,0.22,8.51, 1.7e-17, 1.9e-16,Samd4
ENSMUSG00000070720,101.83,1.63,0.19,8.78, 1.7e-18, 2.0e-17,Tmem200b
ENSMUSG00000028551,212.3,1.51,0.19,7.86, 3.8e-15, 3.5e-14,Cdkn2c
ENSMUSG00000055805,124.69,1.81,0.14,13.3, 2.2e-40, 1.2e-38,Fmnl1
ENSMUSG00000031770,7816.65,-1.17,0.21,-5.73, 1.0e-08, 5.1e-08,Herpud1
ENSMUSG00000023039,109.44,1.75,0.27,6.5, 7.9e-11, 5.0e-10,Krt7
ENSMUSG00000045394,369.23,2.93,0.23,12.77, 2.4e-37, 1.0e-35,Epcam
ENSMUSG00000027859,163.79,1.51,0.16,9.26, 2.0e-20, 2.8e-19,Ngf
ENSMUSG00000034675,124.56,2.04,0.16,12.45, 1.4e-35, 5.5e-34,Dbn1
ENSMUSG00000052957,347.22,-1.49,0.2,-7.26, 3.8e-13, 3.0e-12,Gas1
ENSMUSG00000030278,272.19,3.53,0.32,11.18, 4.9e-29, 1.3e-27,Cidec
ENSMUSG00000052336,229.46,4.02,0.2,20.29, 1.4e-91, 1.2e-88,Cx3cr1
ENSMUSG00000040690,191.09,1.75,0.15,11.88, 1.5e-32, 5.3e-31,Col16a1
ENSMUSG00000073424,2820.44,-1.06,0.19,-5.48, 4.2e-08, 1.9e-07,Cyp4f15
ENSMUSG00000036459,101.56,1.38,0.18,7.57, 3.8e-14, 3.3e-13,Wtip
ENSMUSG00000015890,4391.44,-1.34,0.19,-7.07, 1.5e-12, 1.2e-11,Amdhd1
ENSMUSG00000060147,602.13,2.27,0.13,16.93, 2.6e-64, 5.5e-62,Serpinb6a
ENSMUSG00000025813,587.24,-1.39,0.16,-8.52, 1.6e-17, 1.8e-16,Homer2
ENSMUSG00000020601,101.14,1.95,0.14,13.61, 3.4e-42, 2.0e-40,Trib2
ENSMUSG00000040212,102.8,1.73,0.23,7.56, 4.0e-14, 3.4e-13,Emp3
ENSMUSG00000035104,1635.7,-1.12,0.12,-9.29, 1.6e-20, 2.2e-19,Eva1a
ENSMUSG00000031503,1489.23,2.39,0.12,19.3, 5.0e-83, 3.1e-80,Col4a2
ENSMUSG00000029765,134.72,1.29,0.23,5.71, 1.1e-08, 5.4e-08,Plxna4
ENSMUSG00000034066,245.8,-1.17,0.21,-5.62, 1.9e-08, 9.2e-08,Farp2
ENSMUSG00000020695,277.43,3.24,0.16,19.91, 3.6e-88, 2.6e-85,Mrc2
ENSMUSG00000040322,146.91,3.03,0.22,13.82, 1.9e-43, 1.2e-41,Slc25a24
ENSMUSG00000056069,106.11,2.04,0.15,13.63, 2.5e-42, 1.5e-40,Otulinl
ENSMUSG00000026608,434.61,1.21,0.13,9.11, 8.2e-20, 1.1e-18,Kctd3
ENSMUSG00000081534,1520.19,1.36,0.09,15.32, 5.4e-53, 6.3e-51,Slc48a1
ENSMUSG00000057228,1475.09,-1.83,0.13,-13.92, 4.6e-44, 3.1e-42,Aadat
ENSMUSG00000053063,143.16,1.92,0.15,12.78, 2.2e-37, 9.8e-36,Clec12a
ENSMUSG00000026737,180.47,1.37,0.12,11.84, 2.4e-32, 8.4e-31,Pip4k2a
ENSMUSG00000045136,694.26,1.65,0.3,5.44, 5.2e-08, 2.3e-07,Tubb2b
ENSMUSG00000027663,363.54,2.16,0.24,9.05, 1.4e-19, 1.9e-18,Zmat3
ENSMUSG00000031906,216.48,1.72,0.27,6.37, 1.9e-10, 1.2e-09,Smpd3
ENSMUSG00000052520,8795.23,-1.76,0.14,-12.38, 3.4e-35, 1.3e-33,Cyp2j5
ENSMUSG00000025731,2767.68,-1.12,0.24,-4.6, 4.2e-06, 1.5e-05,Mettl26
ENSMUSG00000009418,350.21,1.5,0.14,10.86, 1.8e-27, 4.3e-26,Nav1
ENSMUSG00000003555,481.77,1.77,0.44,4.05, 5.1e-05, 1.5e-04,Cyp17a1
ENSMUSG00000034258,112.6,1.07,0.19,5.73, 9.9e-09, 4.8e-08,Flvcr2
ENSMUSG00000024909,216.79,2.02,0.15,13.32, 1.7e-40, 9.0e-39,Efemp2
ENSMUSG00000037820,4188,1.1,0.1,10.66, 1.6e-26, 3.7e-25,Tgm2
ENSMUSG00000034771,288.52,-1.05,0.19,-5.41, 6.3e-08, 2.8e-07,Tle2
ENSMUSG00000021594,2054.26,-2.54,0.14,-17.73, 2.4e-70, 5.8e-68,Srd5a1
ENSMUSG00000026786,101.23,1.59,0.17,9.44, 3.6e-21, 5.4e-20,Apbb1ip
ENSMUSG00000068566,1246.5,1.11,0.09,12.08, 1.4e-33, 5.2e-32,Myadm
ENSMUSG00000037012,187.56,1.33,0.13,10.05, 9.2e-24, 1.7e-22,Hk1
ENSMUSG00000026837,455.97,2.18,0.15,14.17, 1.5e-45, 1.1e-43,Col5a1
ENSMUSG00000026676,180.04,2.72,0.25,10.88, 1.5e-27, 3.6e-26,Ccdc3
ENSMUSG00000062515,296.82,1.37,0.28,4.86, 1.2e-06, 4.5e-06,Fabp4
ENSMUSG00000002346,1546.85,-1.08,0.12,-8.94, 3.9e-19, 5.0e-18,Slc25a42
ENSMUSG00000035686,9237.74,-1.53,0.53,-2.88, 4.0e-03, 8.6e-03,Thrsp
ENSMUSG00000071633,1532.9,-1.32,0.18,-7.25, 4.3e-13, 3.3e-12,Gm4952
ENSMUSG00000040093,262.13,-1.06,0.18,-5.78, 7.5e-09, 3.7e-08,Bmf
ENSMUSG00000095115,328.9,2.18,0.13,16.89, 5.4e-64, 1.1e-61,Itpripl2
ENSMUSG00000044139,147.88,-1.02,0.19,-5.35, 8.7e-08, 3.8e-07,Prss53
ENSMUSG00000028127,12857.64,-1.01,0.15,-6.85, 7.2e-12, 5.1e-11,Abcd3
ENSMUSG00000032244,614.52,1.27,0.21,6.12, 9.3e-10, 5.1e-09,Fem1b
ENSMUSG00000035165,111.77,2.76,0.26,10.67, 1.3e-26, 3.1e-25,Kcne3
ENSMUSG00000021701,644.89,2.01,0.31,6.44, 1.2e-10, 7.2e-10,Plk2
ENSMUSG00000061119,236.55,1.25,0.1,12.53, 5.3e-36, 2.2e-34,Prcp
ENSMUSG00000003032,126.3,3.35,0.27,12.53, 4.9e-36, 2.0e-34,Klf4
ENSMUSG00000055730,5143.03,-1.94,0.23,-8.48, 2.3e-17, 2.5e-16,Ces2a
ENSMUSG00000019942,129.75,2.3,0.32,7.29, 3.1e-13, 2.5e-12,Cdk1
ENSMUSG00000025132,2647.04,1.11,0.11,10.22, 1.7e-24, 3.3e-23,Arhgdia
ENSMUSG00000068083,3348.11,-1.17,0.16,-7.44, 1.0e-13, 8.6e-13,Cyp2d40
ENSMUSG00000074305,441.51,1.16,0.18,6.58, 4.7e-11, 3.0e-10,Peak1
ENSMUSG00000030245,146.11,1.23,0.13,9.64, 5.6e-22, 9.1e-21,Golt1b
ENSMUSG00000026872,294.29,1.12,0.19,5.85, 4.9e-09, 2.5e-08,Zeb2
ENSMUSG00000064294,11368.78,-2.36,0.23,-10.06, 8.1e-24, 1.5e-22,Aox3
ENSMUSG00000020681,99.69,2.55,0.24,10.65, 1.8e-26, 4.0e-25,Ace
ENSMUSG00000026483,101.78,1.92,0.19,10.38, 2.9e-25, 6.1e-24,Niban1
ENSMUSG00000023905,534.84,2.85,0.21,13.34, 1.3e-40, 7.2e-39,Tnfrsf12a
ENSMUSG00000038522,748.46,-1.57,0.11,-13.91, 5.6e-44, 3.7e-42,Mfsd4b1
ENSMUSG00000049971,281.39,-1.43,0.23,-6.12, 9.2e-10, 5.1e-09,Glt1d1
ENSMUSG00000003526,2988.84,-1.74,0.24,-7.27, 3.6e-13, 2.9e-12,Prodh
ENSMUSG00000019935,386.1,-1.7,0.3,-5.57, 2.5e-08, 1.2e-07,Slc17a8
ENSMUSG00000049858,2380.27,-1.14,0.17,-6.71, 1.9e-11, 1.3e-10,Suox
ENSMUSG00000089715,476.45,1.99,0.19,10.59, 3.3e-26, 7.3e-25,Cbx6
ENSMUSG00000016756,3083.75,-1.81,0.16,-11.13, 9.0e-29, 2.4e-27,Cmah
ENSMUSG00000028469,832.17,-2.42,0.16,-14.9, 3.4e-50, 3.3e-48,Npr2
ENSMUSG00000001506,2239.1,3.94,0.21,18.56, 7.2e-77, 2.5e-74,Col1a1
ENSMUSG00000021665,334.43,1.55,0.13,11.68, 1.7e-31, 5.3e-30,Hexb
ENSMUSG00000046753,99.62,1.09,0.21,5.2, 2.0e-07, 8.5e-07,Ccdc66
ENSMUSG00000041044,256.69,-1.44,0.16,-9.09, 9.8e-20, 1.3e-18,Lrit1
ENSMUSG00000026020,761.94,1.03,0.15,6.82, 9.4e-12, 6.6e-11,Nop58
ENSMUSG00000001918,149.2,1.44,0.22,6.43, 1.3e-10, 7.9e-10,Slc1a5
ENSMUSG00000059326,190.76,1.43,0.14,9.92, 3.4e-23, 6.2e-22,Csf2ra
ENSMUSG00000025225,374.76,1.27,0.11,11.08, 1.5e-28, 4.0e-27,Nfkb2
ENSMUSG00000017466,1012.29,1.78,0.14,12.61, 1.8e-36, 7.3e-35,Timp2
ENSMUSG00000027223,106.4,1.14,0.19,6.03, 1.6e-09, 8.7e-09,Mapk8ip1
ENSMUSG00000031776,237.18,1.19,0.11,10.46, 1.3e-25, 2.8e-24,Arl2bp
ENSMUSG00000003849,306.57,1.67,0.17,9.57, 1.1e-21, 1.8e-20,Nqo1
ENSMUSG00000056025,246.56,2.38,0.18,13.16, 1.5e-39, 7.2e-38,Clca3a1
ENSMUSG00000079419,101.66,2.27,0.2,11.39, 4.7e-30, 1.4e-28,Ms4a6c
ENSMUSG00000016495,105.94,1.11,0.17,6.69, 2.2e-11, 1.5e-10,Plgrkt
ENSMUSG00000039607,231.02,1.35,0.2,6.84, 8.0e-12, 5.6e-11,Rbms3
ENSMUSG00000031785,234.05,1.67,0.16,10.48, 1.1e-25, 2.4e-24,Adgrg1
ENSMUSG00000049091,20436.91,-1.16,0.15,-7.83, 5.0e-15, 4.6e-14,Sephs2
ENSMUSG00000023088,95.96,1.94,0.14,13.64, 2.4e-42, 1.4e-40,Abcc1
ENSMUSG00000022178,412.96,1.93,0.2,9.84, 7.4e-23, 1.3e-21,Ajuba
ENSMUSG00000067931,130.14,1.16,0.19,6.16, 7.2e-10, 4.1e-09,Zfp948
ENSMUSG00000021457,192.73,1.48,0.14,10.9, 1.1e-27, 2.8e-26,Syk
ENSMUSG00000025270,1913.52,-1.48,0.13,-11.83, 2.7e-32, 9.2e-31,Alas2
ENSMUSG00000036894,153.34,2.54,0.18,14.21, 8.1e-46, 6.1e-44,Rap2b
ENSMUSG00000022892,3413.46,1.38,0.09,15.51, 3.2e-54, 3.9e-52,App
ENSMUSG00000052560,124.28,1.03,0.17,5.92, 3.3e-09, 1.7e-08,Cpne8
ENSMUSG00000060803,56225.13,-1.05,0.25,-4.26, 2.0e-05, 6.4e-05,Gstp1
ENSMUSG00000074794,3045.47,-1.63,0.23,-6.96, 3.5e-12, 2.5e-11,Arrdc3
ENSMUSG00000024014,372.44,-1.15,0.18,-6.5, 7.9e-11, 5.0e-10,Pim1
ENSMUSG00000026421,574.42,1.63,0.18,9.26, 2.0e-20, 2.8e-19,Csrp1
ENSMUSG00000040415,205.62,1.68,0.16,10.54, 5.5e-26, 1.2e-24,Dtx3
ENSMUSG00000037942,6634.36,-1.39,0.17,-8.27, 1.3e-16, 1.4e-15,Crp
ENSMUSG00000024118,2223.54,-1.41,0.18,-7.72, 1.2e-14, 1.0e-13,Tedc2
ENSMUSG00000018001,183.51,1.03,0.16,6.6, 4.1e-11, 2.6e-10,Cyth3
ENSMUSG00000044349,161.46,-1.43,0.26,-5.6, 2.1e-08, 1.0e-07,Snhg11
ENSMUSG00000038146,101.02,1.24,0.18,6.85, 7.6e-12, 5.3e-11,Notch3
ENSMUSG00000027111,97.68,3.26,0.28,11.56, 6.8e-31, 2.1e-29,Itga6
ENSMUSG00000005410,158.21,2.5,0.31,7.95, 1.8e-15, 1.7e-14,Mcm5
ENSMUSG00000049382,11239.53,1.65,0.15,11.14, 7.7e-29, 2.1e-27,Krt8
ENSMUSG00000040675,102.82,1.99,0.24,8.29, 1.2e-16, 1.2e-15,Mthfd1l
ENSMUSG00000045932,144.54,1.44,0.12,11.64, 2.6e-31, 8.0e-30,Ifit2
ENSMUSG00000040552,118.12,2.58,0.2,12.85, 8.3e-38, 3.7e-36,C3ar1
ENSMUSG00000026074,720.24,1.38,0.16,8.48, 2.3e-17, 2.6e-16,Map4k4
ENSMUSG00000043789,752.28,-1.08,0.18,-6.12, 9.3e-10, 5.1e-09,Vwce
ENSMUSG00000067225,7185.58,-2,0.23,-8.62, 6.7e-18, 7.8e-17,Cyp2c54
ENSMUSG00000014329,254.33,3,0.28,10.61, 2.6e-26, 5.7e-25,Bicc1
ENSMUSG00000050359,383.89,10.16,0.6,17.01, 6.5e-65, 1.4e-62,Sprr1a
ENSMUSG00000030161,2898.71,-1.31,0.14,-9.29, 1.6e-20, 2.2e-19,Gabarapl1
ENSMUSG00000001627,592.6,1.93,0.17,11.23, 3.0e-29, 8.4e-28,Ifrd1
ENSMUSG00000030342,1120.87,1.14,0.15,7.59, 3.3e-14, 2.9e-13,Cd9
ENSMUSG00000022304,5138.39,-1.41,0.17,-8.11, 5.3e-16, 5.2e-15,Dpys
ENSMUSG00000006519,370.5,1.84,0.22,8.53, 1.4e-17, 1.6e-16,Cyba
ENSMUSG00000032245,174.5,1.43,0.2,7.33, 2.3e-13, 1.9e-12,Cln6
ENSMUSG00000066877,148.58,1,0.14,7.16, 8.0e-13, 6.2e-12,Nck2
ENSMUSG00000028059,344.74,2.93,0.16,18.57, 5.9e-77, 2.1e-74,Arhgef2
ENSMUSG00000041801,241.82,4.53,0.3,15.15, 8.1e-52, 8.4e-50,Phlda3
ENSMUSG00000067219,257.92,1.54,0.31,4.9, 9.6e-07, 3.6e-06,Nipal1
ENSMUSG00000020017,6541.28,-1.31,0.19,-6.77, 1.3e-11, 8.8e-11,Hal
ENSMUSG00000017718,1913.98,-1.59,0.27,-5.89, 4.0e-09, 2.0e-08,Afmid
ENSMUSG00000028843,371.66,1.73,0.2,8.69, 3.7e-18, 4.4e-17,Sh3bgrl3
ENSMUSG00000022215,184.52,-4.55,0.28,-16.2, 5.1e-59, 8.1e-57,Fitm1
ENSMUSG00000028555,115.85,3.87,0.26,14.83, 9.6e-50, 9.1e-48,Ttc39a
ENSMUSG00000036040,692.56,2.29,0.2,11.22, 3.2e-29, 8.8e-28,Adamtsl2
ENSMUSG00000035757,624.83,-1.26,0.15,-8.14, 4.1e-16, 4.1e-15,Selenoo
ENSMUSG00000029163,1034.64,1.95,0.13,14.72, 4.9e-49, 4.5e-47,Emilin1
ENSMUSG00000050947,219.23,-1.04,0.11,-9.6, 8.0e-22, 1.3e-20,Amigo1
ENSMUSG00000020184,910.74,1.12,0.16,7.14, 9.4e-13, 7.2e-12,Mdm2
ENSMUSG00000067071,1852.07,-1.3,0.3,-4.28, 1.9e-05, 5.9e-05,Hes6
ENSMUSG00000074156,176,-1.06,0.18,-5.97, 2.3e-09, 1.2e-08,Ces1h
ENSMUSG00000079012,24550.76,-1.1,0.16,-7.11, 1.2e-12, 9.0e-12,Serpina3m
ENSMUSG00000030968,182.34,-1.92,0.17,-11.54, 8.5e-31, 2.6e-29,Pdilt
ENSMUSG00000027506,658.6,1.35,0.14,9.98, 1.9e-23, 3.4e-22,Tpd52
ENSMUSG00000002602,721.49,1.74,0.14,12.16, 4.9e-34, 1.8e-32,Axl
ENSMUSG00000034255,92.81,2.53,0.16,15.91, 5.1e-57, 7.2e-55,Arhgap27
ENSMUSG00000019066,297.87,1.32,0.14,9.41, 4.8e-21, 7.1e-20,Rab3d
ENSMUSG00000026489,6442.88,-1.17,0.24,-4.78, 1.7e-06, 6.4e-06,Coq8a
ENSMUSG00000010051,491.26,-1.16,0.17,-6.81, 1.0e-11, 6.9e-11,Hyal1
ENSMUSG00000024397,141.87,1.16,0.22,5.31, 1.1e-07, 4.7e-07,Aif1
ENSMUSG00000047139,244.59,2.27,0.3,7.66, 1.9e-14, 1.7e-13,Cd24a
ENSMUSG00000002603,347.89,1.17,0.11,11.05, 2.1e-28, 5.5e-27,Tgfb1
ENSMUSG00000020101,225.88,1.29,0.11,11.25, 2.4e-29, 6.6e-28,Vsir
ENSMUSG00000067144,468.56,-1.17,0.3,-3.84, 1.3e-04, 3.6e-04,Slc22a7
ENSMUSG00000030946,555.8,-3.81,0.24,-16.03, 7.8e-58, 1.2e-55,Lhpp
ENSMUSG00000049493,94.97,3.86,0.25,15.19, 4.3e-52, 4.7e-50,Pls1
ENSMUSG00000031974,864.41,-1.35,0.11,-12, 3.6e-33, 1.3e-31,Abcb10
ENSMUSG00000028369,161.58,3.36,0.25,13.23, 6.3e-40, 3.2e-38,Svep1
ENSMUSG00000074364,206.96,1.65,0.16,10.59, 3.5e-26, 7.6e-25,Ehd2
ENSMUSG00000058672,5663.67,1.61,0.3,5.31, 1.1e-07, 4.8e-07,Tubb2a
ENSMUSG00000059498,237.21,1.23,0.15,8.21, 2.2e-16, 2.3e-15,Fcgr3
ENSMUSG00000034613,98.2,1.76,0.13,13.68, 1.3e-42, 8.0e-41,Ppm1h
ENSMUSG00000029762,137.46,1.44,0.19,7.59, 3.2e-14, 2.8e-13,Akr1b8
ENSMUSG00000002111,182.97,1.41,0.19,7.44, 1.0e-13, 8.4e-13,Spi1
ENSMUSG00000050410,108.77,1.65,0.29,5.69, 1.2e-08, 6.0e-08,Tcf19
ENSMUSG00000030244,3967.53,-1.49,0.19,-7.65, 1.9e-14, 1.7e-13,Gys2
ENSMUSG00000055737,8496.62,-1.68,0.12,-14.54, 6.4e-48, 5.7e-46,Ghr
ENSMUSG00000059060,214,1.69,0.57,2.95, 3.2e-03, 6.9e-03,Rad51b
ENSMUSG00000028003,555.35,1.23,0.3,4.09, 4.4e-05, 1.3e-04,Lrat
ENSMUSG00000003534,408.36,3.44,0.18,18.74, 2.3e-78, 8.9e-76,Ddr1
ENSMUSG00000050445,2871.85,-2.99,0.33,-9.14, 6.1e-20, 8.3e-19,Cyp8b1
ENSMUSG00000018800,240.09,2.07,0.26,8.01, 1.2e-15, 1.1e-14,Abca5
ENSMUSG00000050910,95.39,1.48,0.15,9.82, 9.1e-23, 1.6e-21,Cdr2l
ENSMUSG00000032089,134.35,1.48,0.14,10.82, 2.9e-27, 6.9e-26,Il10ra
ENSMUSG00000028979,2358.59,-1.14,0.1,-11.14, 7.6e-29, 2.1e-27,Masp2
ENSMUSG00000027513,54176.58,-2.16,0.26,-8.24, 1.8e-16, 1.8e-15,Pck1
ENSMUSG00000030609,582.68,1.51,0.12,12.75, 3.0e-37, 1.3e-35,Aen
ENSMUSG00000046160,188.79,-2.63,0.2,-13.37, 8.8e-41, 4.8e-39,Olig1
ENSMUSG00000048440,205.46,1.09,0.12,9.29, 1.5e-20, 2.2e-19,Cyp4f16
ENSMUSG00000027983,188.54,-2.77,0.23,-12.24, 1.9e-34, 7.4e-33,Cyp2u1
ENSMUSG00000031749,123.3,1.59,0.17,9.43, 4.1e-21, 6.2e-20,St3gal2
ENSMUSG00000021253,152.04,2.82,0.2,13.84, 1.4e-43, 9.1e-42,Tgfb3
ENSMUSG00000025533,10368.74,-1.03,0.2,-5.05, 4.4e-07, 1.8e-06,Asl
ENSMUSG00000041773,396.07,2.42,0.19,12.72, 4.4e-37, 1.9e-35,Enc1
ENSMUSG00000048285,235.44,1.55,0.17,8.94, 4.0e-19, 5.1e-18,Frmd6
ENSMUSG00000022474,116.4,1.9,0.27,7.12, 1.1e-12, 8.3e-12,Pmm1
ENSMUSG00000039519,2586,-4.69,0.4,-11.75, 6.9e-32, 2.2e-30,Cyp7b1
ENSMUSG00000022146,150.04,2.13,0.18,11.75, 7.5e-32, 2.4e-30,Osmr
ENSMUSG00000026335,963.01,1.44,0.15,9.33, 1.0e-20, 1.5e-19,Pam
ENSMUSG00000052384,112.31,1.12,0.13,8.28, 1.2e-16, 1.3e-15,Nrros
ENSMUSG00000005973,263.59,1.42,0.14,10.49, 1.0e-25, 2.1e-24,Rcn1
ENSMUSG00000019590,294.23,1.55,0.16,9.7, 2.9e-22, 4.9e-21,Cyb561
ENSMUSG00000044811,102.78,1.5,0.17,8.63, 6.2e-18, 7.3e-17,Cd300c2
ENSMUSG00000034586,196.2,3.47,0.23,15.37, 2.4e-53, 2.9e-51,Hid1
ENSMUSG00000029171,218.34,2.17,0.13,16.63, 3.9e-62, 7.3e-60,Pgm2
ENSMUSG00000094103,204.65,1.63,0.14,11.43, 3.1e-30, 9.1e-29,Fam177a2
ENSMUSG00000027962,450.63,2.54,0.15,16.67, 2.1e-62, 4.0e-60,Vcam1
ENSMUSG00000003283,117.73,1.27,0.16,7.94, 1.9e-15, 1.9e-14,Hck
ENSMUSG00000021097,2682.1,-1.07,0.16,-6.52, 7.1e-11, 4.5e-10,Clmn
ENSMUSG00000033715,6617.27,-1.1,0.15,-7.3, 2.9e-13, 2.3e-12,Akr1c14
ENSMUSG00000035031,13195.96,-1.29,0.17,-7.77, 8.0e-15, 7.3e-14,C8a
ENSMUSG00000029231,484.84,2.5,0.26,9.71, 2.7e-22, 4.5e-21,Pdgfra
ENSMUSG00000046711,718.2,1.09,0.14,8.02, 1.1e-15, 1.1e-14,Hmga1
ENSMUSG00000031617,423.96,1.02,0.15,6.75, 1.5e-11, 1.0e-10,Tmem184c
ENSMUSG00000020122,7020.33,-2.07,0.19,-11.04, 2.6e-28, 6.6e-27,Egfr
ENSMUSG00000036256,3769.18,1.43,0.13,11.26, 2.1e-29, 5.8e-28,Igfbp7
ENSMUSG00000026288,175.16,1.8,0.15,12.31, 8.4e-35, 3.3e-33,Inpp5d
ENSMUSG00000025608,312.81,1.39,0.16,8.83, 1.1e-18, 1.3e-17,Podxl
ENSMUSG00000022464,19105.29,-1.03,0.16,-6.6, 4.2e-11, 2.7e-10,Slc38a4
ENSMUSG00000058013,452.18,1.36,0.18,7.72, 1.1e-14, 1.0e-13,Septin11
ENSMUSG00000021508,125.96,2.76,0.22,12.76, 2.6e-37, 1.1e-35,Cxcl14
ENSMUSG00000036856,182.88,1.09,0.29,3.77, 1.6e-04, 4.5e-04,Wnt4
ENSMUSG00000027562,275.51,1.44,0.17,8.35, 6.6e-17, 7.1e-16,Car2
ENSMUSG00000008153,204.85,-1.47,0.19,-7.78, 7.2e-15, 6.5e-14,Clstn3
ENSMUSG00000032875,243.13,1.86,0.19,9.87, 5.8e-23, 1.0e-21,Arhgef17
ENSMUSG00000030470,338.49,-1.49,0.24,-6.13, 8.8e-10, 4.9e-09,Csrp3
ENSMUSG00000040260,215.19,1.35,0.19,7.12, 1.1e-12, 8.2e-12,Daam2
ENSMUSG00000038178,413.12,1.4,0.14,10.14, 3.5e-24, 6.8e-23,Slc43a2
ENSMUSG00000051984,116.87,-1.12,0.19,-5.93, 3.0e-09, 1.6e-08,Sec31b
ENSMUSG00000022488,223.2,1.91,0.17,11.55, 7.5e-31, 2.3e-29,Nckap1l
ENSMUSG00000023191,157.12,1.29,0.15,8.57, 1.0e-17, 1.2e-16,P3h3
ENSMUSG00000035910,271.6,2.42,0.24,10.23, 1.4e-24, 2.8e-23,Dcdc2a
ENSMUSG00000027646,254.42,3.16,0.17,18.21, 4.4e-74, 1.4e-71,Src
ENSMUSG00000020099,438.32,2.68,0.11,24.02,1.8e-127,8.6e-124,Unc5b
ENSMUSG00000040711,151.6,3.85,0.23,16.58, 1.0e-61, 1.8e-59,Sh3pxd2b
ENSMUSG00000042041,769.07,1.51,0.16,9.44, 3.6e-21, 5.4e-20,2010003K11Rik
ENSMUSG00000031343,121.31,1.91,0.22,8.87, 7.2e-19, 9.0e-18,Gabra3
ENSMUSG00000033059,490.45,2.68,0.12,23.28,7.3e-120,2.3e-116,Pygb
ENSMUSG00000042510,107.7,1.6,0.3,5.37, 7.7e-08, 3.4e-07,AA986860
ENSMUSG00000056515,219.93,2.66,0.17,15.49, 4.3e-54, 5.2e-52,Rab31
ENSMUSG00000033594,591.72,-1.11,0.2,-5.55, 2.9e-08, 1.3e-07,Spata2l
ENSMUSG00000057880,5466.08,-1.27,0.22,-5.87, 4.3e-09, 2.2e-08,Abat
ENSMUSG00000026574,424.15,1.38,0.24,5.84, 5.3e-09, 2.7e-08,Dpt
ENSMUSG00000019997,484.79,2.64,0.25,10.51, 7.6e-26, 1.6e-24,Ccn2
ENSMUSG00000078566,4094.79,-1.2,0.17,-7.11, 1.1e-12, 8.6e-12,Bnip3
ENSMUSG00000052934,941.26,-1.3,0.26,-4.93, 8.2e-07, 3.2e-06,Fbxo31
ENSMUSG00000073421,1465.67,1.28,0.19,6.78, 1.2e-11, 8.4e-11,H2-Ab1
ENSMUSG00000002835,104.05,2.03,0.24,8.36, 6.5e-17, 6.9e-16,Chaf1a
ENSMUSG00000004891,145.67,1.53,0.18,8.44, 3.2e-17, 3.6e-16,Nes
ENSMUSG00000056708,263.99,1.87,0.15,12.53, 5.0e-36, 2.1e-34,Ier5
ENSMUSG00000006342,118.84,1.39,0.14,10.16, 3.0e-24, 5.9e-23,Susd2
ENSMUSG00000005677,1202.85,-1.21,0.18,-6.63, 3.2e-11, 2.1e-10,Nr1i3
ENSMUSG00000033610,3723.01,-1.35,0.14,-9.96, 2.4e-23, 4.3e-22,Pank1
ENSMUSG00000074240,272.46,-1.41,0.31,-4.54, 5.7e-06, 2.0e-05,Cib3
ENSMUSG00000037795,231.69,-1.13,0.35,-3.27, 1.1e-03, 2.6e-03,N4bp2
ENSMUSG00000025408,345.46,2.2,0.24,9.13, 6.6e-20, 8.9e-19,Ddit3
ENSMUSG00000022763,127.21,-1.51,0.2,-7.48, 7.6e-14, 6.4e-13,Aifm3
ENSMUSG00000018569,117.22,2.31,0.28,8.13, 4.4e-16, 4.4e-15,Cldn7
ENSMUSG00000034785,1037.26,-1.51,0.35,-4.36, 1.3e-05, 4.2e-05,Dio1
ENSMUSG00000018927,163.54,1.7,0.23,7.47, 8.1e-14, 6.7e-13,Ccl6
ENSMUSG00000000385,195.26,2,0.15,13.08, 4.3e-39, 2.1e-37,Tmprss2
ENSMUSG00000026796,376.75,1.72,0.13,13.7, 9.5e-43, 5.9e-41,Niban2
ENSMUSG00000021497,1530.72,-1.06,0.12,-8.52, 1.6e-17, 1.8e-16,Txndc15
ENSMUSG00000024654,293.92,1.15,0.1,11.4, 4.4e-30, 1.3e-28,Asrgl1
ENSMUSG00000029822,277.5,2.32,0.17,13.88, 8.6e-44, 5.6e-42,Osbpl3
